file,line,type,commit,author,date,time,timezone,datetime,depth,length
style.css,1,css,3abedb81,jocelynmiao,2026-04-02,13:03:29,-07:00,2026-04-02T13:03:29-07:00,0,4
style.css,2,css,3abedb81,jocelynmiao,2026-04-02,13:03:29,-07:00,2026-04-02T13:03:29-07:00,1,43
style.css,3,css,3abedb81,jocelynmiao,2026-04-02,13:03:29,-07:00,2026-04-02T13:03:29-07:00,0,42
style.css,4,css,3abedb81,jocelynmiao,2026-04-02,13:03:29,-07:00,2026-04-02T13:03:29-07:00,0,0
style.css,5,css,c6d28cc0,jocelynmiao,2026-04-08,18:42:39,-07:00,2026-04-08T18:42:39-07:00,1,42
style.css,6,css,c6d28cc0,jocelynmiao,2026-04-08,18:42:39,-07:00,2026-04-08T18:42:39-07:00,1,15
style.css,7,css,3abedb81,jocelynmiao,2026-04-02,13:03:29,-07:00,2026-04-02T13:03:29-07:00,1,23
style.css,8,css,c6d28cc0,jocelynmiao,2026-04-08,18:42:39,-07:00,2026-04-08T18:42:39-07:00,0,0
style.css,9,css,c6d28cc0,jocelynmiao,2026-04-08,18:42:39,-07:00,2026-04-08T18:42:39-07:00,0,0
style.css,10,css,c6d28cc0,jocelynmiao,2026-04-08,18:42:39,-07:00,2026-04-08T18:42:39-07:00,0,5
style.css,11,css,c6d28cc0,jocelynmiao,2026-04-08,18:42:39,-07:00,2026-04-08T18:42:39-07:00,1,52
style.css,12,css,1d2adb4c,jocelynmiao,2026-04-16,21:41:41,-07:00,2026-04-16T21:41:41-07:00,1,23
style.css,13,css,c6d28cc0,jocelynmiao,2026-04-08,18:42:39,-07:00,2026-04-08T18:42:39-07:00,0,0
style.css,14,css,c6d28cc0,jocelynmiao,2026-04-08,18:42:39,-07:00,2026-04-08T18:42:39-07:00,0,0
style.css,15,css,c6d28cc0,jocelynmiao,2026-04-08,18:42:39,-07:00,2026-04-08T18:42:39-07:00,0,4
style.css,16,css,c6d28cc0,jocelynmiao,2026-04-08,18:42:39,-07:00,2026-04-08T18:42:39-07:00,1,32
style.css,17,css,c6d28cc0,jocelynmiao,2026-04-08,18:42:39,-07:00,2026-04-08T18:42:39-07:00,0,0
style.css,18,css,c6d28cc0,jocelynmiao,2026-04-08,18:42:39,-07:00,2026-04-08T18:42:39-07:00,0,0
style.css,19,css,c6d28cc0,jocelynmiao,2026-04-08,18:42:39,-07:00,2026-04-08T18:42:39-07:00,0,3
style.css,20,css,1d2adb4c,jocelynmiao,2026-04-16,21:41:41,-07:00,2026-04-16T21:41:41-07:00,1,39
style.css,21,css,c6d28cc0,jocelynmiao,2026-04-08,18:42:39,-07:00,2026-04-08T18:42:39-07:00,1,12
style.css,22,css,1d2adb4c,jocelynmiao,2026-04-16,21:41:41,-07:00,2026-04-16T21:41:41-07:00,1,43
style.css,23,css,c55f5887,jocelynmiao,2026-04-24,00:48:44,-07:00,2026-04-24T00:48:44-07:00,0,0
style.css,24,css,c6d28cc0,jocelynmiao,2026-04-08,18:42:39,-07:00,2026-04-08T18:42:39-07:00,0,0
style.css,25,css,c55f5887,jocelynmiao,2026-04-24,00:48:44,-07:00,2026-04-24T00:48:44-07:00,0,6
style.css,26,css,c55f5887,jocelynmiao,2026-04-24,00:48:44,-07:00,2026-04-24T00:48:44-07:00,1,16
style.css,27,css,c55f5887,jocelynmiao,2026-04-24,00:48:44,-07:00,2026-04-24T00:48:44-07:00,0,0
style.css,28,css,c6d28cc0,jocelynmiao,2026-04-08,18:42:39,-07:00,2026-04-08T18:42:39-07:00,0,0
style.css,29,css,c55f5887,jocelynmiao,2026-04-24,00:48:44,-07:00,2026-04-24T00:48:44-07:00,0,9
style.css,30,css,c55f5887,jocelynmiao,2026-04-24,00:48:44,-07:00,2026-04-24T00:48:44-07:00,1,16
style.css,31,css,c6d28cc0,jocelynmiao,2026-04-08,18:42:39,-07:00,2026-04-08T18:42:39-07:00,0,0
style.css,32,css,c6d28cc0,jocelynmiao,2026-04-08,18:42:39,-07:00,2026-04-08T18:42:39-07:00,0,0
style.css,33,css,c6d28cc0,jocelynmiao,2026-04-08,18:42:39,-07:00,2026-04-08T18:42:39-07:00,0,9
style.css,34,css,cbe69839,jocelynmiao,2026-05-08,16:52:43,-07:00,2026-05-08T16:52:43-07:00,1,45
style.css,35,css,cbe69839,jocelynmiao,2026-05-08,16:52:43,-07:00,2026-05-08T16:52:43-07:00,1,20
style.css,36,css,cbe69839,jocelynmiao,2026-05-08,16:52:43,-07:00,2026-05-08T16:52:43-07:00,0,0
style.css,37,css,c6d28cc0,jocelynmiao,2026-04-08,18:42:39,-07:00,2026-04-08T18:42:39-07:00,0,0
style.css,38,css,c6d28cc0,jocelynmiao,2026-04-08,18:42:39,-07:00,2026-04-08T18:42:39-07:00,0,1
style.css,39,css,c6d28cc0,jocelynmiao,2026-04-08,18:42:39,-07:00,2026-04-08T18:42:39-07:00,1,6
style.css,40,css,c6d28cc0,jocelynmiao,2026-04-08,18:42:39,-07:00,2026-04-08T18:42:39-07:00,1,20
style.css,41,css,c6d28cc0,jocelynmiao,2026-04-08,18:42:39,-07:00,2026-04-08T18:42:39-07:00,1,13
style.css,42,css,c6d28cc0,jocelynmiao,2026-04-08,18:42:39,-07:00,2026-04-08T18:42:39-07:00,1,17
style.css,43,css,c6d28cc0,jocelynmiao,2026-04-08,18:42:39,-07:00,2026-04-08T18:42:39-07:00,1,13
style.css,44,css,c6d28cc0,jocelynmiao,2026-04-08,18:42:39,-07:00,2026-04-08T18:42:39-07:00,1,19
style.css,45,css,c6d28cc0,jocelynmiao,2026-04-08,18:42:39,-07:00,2026-04-08T18:42:39-07:00,0,0
style.css,46,css,c6d28cc0,jocelynmiao,2026-04-08,18:42:39,-07:00,2026-04-08T18:42:39-07:00,0,0
style.css,47,css,c6d28cc0,jocelynmiao,2026-04-08,18:42:39,-07:00,2026-04-08T18:42:39-07:00,0,7
style.css,48,css,c6d28cc0,jocelynmiao,2026-04-08,18:42:39,-07:00,2026-04-08T18:42:39-07:00,1,20
style.css,49,css,c6d28cc0,jocelynmiao,2026-04-08,18:42:39,-07:00,2026-04-08T18:42:39-07:00,1,45
style.css,50,css,1d2adb4c,jocelynmiao,2026-04-16,21:41:41,-07:00,2026-04-16T21:41:41-07:00,1,69
style.css,51,css,c6d28cc0,jocelynmiao,2026-04-08,18:42:39,-07:00,2026-04-08T18:42:39-07:00,0,0
style.css,52,css,c6d28cc0,jocelynmiao,2026-04-08,18:42:39,-07:00,2026-04-08T18:42:39-07:00,0,0
style.css,53,css,c6d28cc0,jocelynmiao,2026-04-08,18:42:39,-07:00,2026-04-08T18:42:39-07:00,0,4
style.css,54,css,c6d28cc0,jocelynmiao,2026-04-08,18:42:39,-07:00,2026-04-08T18:42:39-07:00,1,12
style.css,55,css,c6d28cc0,jocelynmiao,2026-04-08,18:42:39,-07:00,2026-04-08T18:42:39-07:00,1,30
style.css,56,css,c6d28cc0,jocelynmiao,2026-04-08,18:42:39,-07:00,2026-04-08T18:42:39-07:00,1,7
style.css,57,css,c6d28cc0,jocelynmiao,2026-04-08,18:42:39,-07:00,2026-04-08T18:42:39-07:00,0,0
style.css,58,css,c6d28cc0,jocelynmiao,2026-04-08,18:42:39,-07:00,2026-04-08T18:42:39-07:00,0,0
style.css,59,css,c6d28cc0,jocelynmiao,2026-04-08,18:42:39,-07:00,2026-04-08T18:42:39-07:00,0,5
style.css,60,css,c6d28cc0,jocelynmiao,2026-04-08,18:42:39,-07:00,2026-04-08T18:42:39-07:00,1,12
style.css,61,css,c6d28cc0,jocelynmiao,2026-04-08,18:42:39,-07:00,2026-04-08T18:42:39-07:00,1,29
style.css,62,css,c6d28cc0,jocelynmiao,2026-04-08,18:42:39,-07:00,2026-04-08T18:42:39-07:00,1,18
style.css,63,css,c6d28cc0,jocelynmiao,2026-04-08,18:42:39,-07:00,2026-04-08T18:42:39-07:00,0,0
style.css,64,css,c6d28cc0,jocelynmiao,2026-04-08,18:42:39,-07:00,2026-04-08T18:42:39-07:00,0,0
style.css,65,css,c6d28cc0,jocelynmiao,2026-04-08,18:42:39,-07:00,2026-04-08T18:42:39-07:00,0,6
style.css,66,css,c6d28cc0,jocelynmiao,2026-04-08,18:42:39,-07:00,2026-04-08T18:42:39-07:00,1,18
style.css,67,css,c6d28cc0,jocelynmiao,2026-04-08,18:42:39,-07:00,2026-04-08T18:42:39-07:00,0,0
style.css,68,css,c6d28cc0,jocelynmiao,2026-04-08,18:42:39,-07:00,2026-04-08T18:42:39-07:00,0,0
style.css,69,css,c6d28cc0,jocelynmiao,2026-04-08,18:42:39,-07:00,2026-04-08T18:42:39-07:00,0,9
style.css,70,css,cbe69839,jocelynmiao,2026-05-08,16:52:43,-07:00,2026-05-08T16:52:43-07:00,1,12
style.css,71,css,c6d28cc0,jocelynmiao,2026-04-08,18:42:39,-07:00,2026-04-08T18:42:39-07:00,1,58
style.css,72,css,c6d28cc0,jocelynmiao,2026-04-08,18:42:39,-07:00,2026-04-08T18:42:39-07:00,1,7
style.css,73,css,c6d28cc0,jocelynmiao,2026-04-08,18:42:39,-07:00,2026-04-08T18:42:39-07:00,0,0
style.css,74,css,c6d28cc0,jocelynmiao,2026-04-08,18:42:39,-07:00,2026-04-08T18:42:39-07:00,0,0
style.css,75,css,c6d28cc0,jocelynmiao,2026-04-08,18:42:39,-07:00,2026-04-08T18:42:39-07:00,0,7
style.css,76,css,c6d28cc0,jocelynmiao,2026-04-08,18:42:39,-07:00,2026-04-08T18:42:39-07:00,1,12
style.css,77,css,c6d28cc0,jocelynmiao,2026-04-08,18:42:39,-07:00,2026-04-08T18:42:39-07:00,1,26
style.css,78,css,c6d28cc0,jocelynmiao,2026-04-08,18:42:39,-07:00,2026-04-08T18:42:39-07:00,1,15
style.css,79,css,c6d28cc0,jocelynmiao,2026-04-08,18:42:39,-07:00,2026-04-08T18:42:39-07:00,1,7
style.css,80,css,cbe69839,jocelynmiao,2026-05-08,16:52:43,-07:00,2026-05-08T16:52:43-07:00,1,2
style.css,81,css,c6d28cc0,jocelynmiao,2026-04-08,18:42:39,-07:00,2026-04-08T18:42:39-07:00,2,8
style.css,82,css,c6d28cc0,jocelynmiao,2026-04-08,18:42:39,-07:00,2026-04-08T18:42:39-07:00,1,0
style.css,83,css,c6d28cc0,jocelynmiao,2026-04-08,18:42:39,-07:00,2026-04-08T18:42:39-07:00,0,0
style.css,84,css,c6d28cc0,jocelynmiao,2026-04-08,18:42:39,-07:00,2026-04-08T18:42:39-07:00,0,0
style.css,85,css,cbe69839,jocelynmiao,2026-05-08,16:52:43,-07:00,2026-05-08T16:52:43-07:00,0,1
style.css,86,css,cbe69839,jocelynmiao,2026-05-08,16:52:43,-07:00,2026-05-08T16:52:43-07:00,0,1
style.css,87,css,cbe69839,jocelynmiao,2026-05-08,16:52:43,-07:00,2026-05-08T16:52:43-07:00,0,1
style.css,88,css,cbe69839,jocelynmiao,2026-05-08,16:52:43,-07:00,2026-05-08T16:52:43-07:00,0,1
style.css,89,css,cbe69839,jocelynmiao,2026-05-08,16:52:43,-07:00,2026-05-08T16:52:43-07:00,0,1
style.css,90,css,cbe69839,jocelynmiao,2026-05-08,16:52:43,-07:00,2026-05-08T16:52:43-07:00,0,2
style.css,91,css,c6d28cc0,jocelynmiao,2026-04-08,18:42:39,-07:00,2026-04-08T18:42:39-07:00,1,15
style.css,92,css,c6d28cc0,jocelynmiao,2026-04-08,18:42:39,-07:00,2026-04-08T18:42:39-07:00,1,17
style.css,93,css,c6d28cc0,jocelynmiao,2026-04-08,18:42:39,-07:00,2026-04-08T18:42:39-07:00,0,0
style.css,94,css,c6d28cc0,jocelynmiao,2026-04-08,18:42:39,-07:00,2026-04-08T18:42:39-07:00,0,0
style.css,95,css,c6d28cc0,jocelynmiao,2026-04-08,18:42:39,-07:00,2026-04-08T18:42:39-07:00,0,2
style.css,96,css,c6d28cc0,jocelynmiao,2026-04-08,18:42:39,-07:00,2026-04-08T18:42:39-07:00,1,14
style.css,97,css,c6d28cc0,jocelynmiao,2026-04-08,18:42:39,-07:00,2026-04-08T18:42:39-07:00,0,0
style.css,98,css,c6d28cc0,jocelynmiao,2026-04-08,18:42:39,-07:00,2026-04-08T18:42:39-07:00,0,0
style.css,99,css,c6d28cc0,jocelynmiao,2026-04-08,18:42:39,-07:00,2026-04-08T18:42:39-07:00,0,7
style.css,100,css,c6d28cc0,jocelynmiao,2026-04-08,18:42:39,-07:00,2026-04-08T18:42:39-07:00,1,41
style.css,101,css,1d2adb4c,jocelynmiao,2026-04-16,21:41:41,-07:00,2026-04-16T21:41:41-07:00,0,0
style.css,102,css,1d2adb4c,jocelynmiao,2026-04-16,21:41:41,-07:00,2026-04-16T21:41:41-07:00,0,0
style.css,103,css,1d2adb4c,jocelynmiao,2026-04-16,21:41:41,-07:00,2026-04-16T21:41:41-07:00,0,13
style.css,104,css,1d2adb4c,jocelynmiao,2026-04-16,21:41:41,-07:00,2026-04-16T21:41:41-07:00,1,17
style.css,105,css,1d2adb4c,jocelynmiao,2026-04-16,21:41:41,-07:00,2026-04-16T21:41:41-07:00,1,8
style.css,106,css,1d2adb4c,jocelynmiao,2026-04-16,21:41:41,-07:00,2026-04-16T21:41:41-07:00,1,10
style.css,107,css,1d2adb4c,jocelynmiao,2026-04-16,21:41:41,-07:00,2026-04-16T21:41:41-07:00,1,13
style.css,108,css,1d2adb4c,jocelynmiao,2026-04-16,21:41:41,-07:00,2026-04-16T21:41:41-07:00,0,0
style.css,109,css,1d2adb4c,jocelynmiao,2026-04-16,21:41:41,-07:00,2026-04-16T21:41:41-07:00,0,0
style.css,110,css,cbe69839,jocelynmiao,2026-05-08,16:52:43,-07:00,2026-05-08T16:52:43-07:00,0,4
style.css,111,css,cbe69839,jocelynmiao,2026-05-08,16:52:43,-07:00,2026-05-08T16:52:43-07:00,0,7
style.css,112,css,cbe69839,jocelynmiao,2026-05-08,16:52:43,-07:00,2026-05-08T16:52:43-07:00,0,5
style.css,113,css,cbe69839,jocelynmiao,2026-05-08,16:52:43,-07:00,2026-05-08T16:52:43-07:00,0,6
style.css,114,css,1d2adb4c,jocelynmiao,2026-04-16,21:41:41,-07:00,2026-04-16T21:41:41-07:00,1,19
style.css,115,css,c55f5887,jocelynmiao,2026-04-24,00:48:44,-07:00,2026-04-24T00:48:44-07:00,0,0
style.css,116,css,c55f5887,jocelynmiao,2026-04-24,00:48:44,-07:00,2026-04-24T00:48:44-07:00,0,0
style.css,117,css,c55f5887,jocelynmiao,2026-04-24,00:48:44,-07:00,2026-04-24T00:48:44-07:00,0,17
style.css,118,css,c55f5887,jocelynmiao,2026-04-24,00:48:44,-07:00,2026-04-24T00:48:44-07:00,1,12
style.css,119,css,cbe69839,jocelynmiao,2026-05-08,16:52:43,-07:00,2026-05-08T16:52:43-07:00,1,36
style.css,120,css,cbe69839,jocelynmiao,2026-05-08,16:52:43,-07:00,2026-05-08T16:52:43-07:00,1,15
style.css,121,css,c55f5887,jocelynmiao,2026-04-24,00:48:44,-07:00,2026-04-24T00:48:44-07:00,0,0
style.css,122,css,c55f5887,jocelynmiao,2026-04-24,00:48:44,-07:00,2026-04-24T00:48:44-07:00,0,0
style.css,123,css,c55f5887,jocelynmiao,2026-04-24,00:48:44,-07:00,2026-04-24T00:48:44-07:00,0,17
style.css,124,css,cbe69839,jocelynmiao,2026-05-08,16:52:43,-07:00,2026-05-08T16:52:43-07:00,1,10
style.css,125,css,c55f5887,jocelynmiao,2026-04-24,00:48:44,-07:00,2026-04-24T00:48:44-07:00,1,16
style.css,126,css,c55f5887,jocelynmiao,2026-04-24,00:48:44,-07:00,2026-04-24T00:48:44-07:00,0,0
style.css,127,css,c55f5887,jocelynmiao,2026-04-24,00:48:44,-07:00,2026-04-24T00:48:44-07:00,0,0
style.css,128,css,c55f5887,jocelynmiao,2026-04-24,00:48:44,-07:00,2026-04-24T00:48:44-07:00,0,17
style.css,129,css,cbe69839,jocelynmiao,2026-05-08,16:52:43,-07:00,2026-05-08T16:52:43-07:00,1,10
style.css,130,css,cbe69839,jocelynmiao,2026-05-08,16:52:43,-07:00,2026-05-08T16:52:43-07:00,1,8
style.css,131,css,5b97ef1d,jocelynmiao,2026-05-01,21:32:15,-07:00,2026-05-01T21:32:15-07:00,0,0
style.css,132,css,5b97ef1d,jocelynmiao,2026-05-01,21:32:15,-07:00,2026-05-01T21:32:15-07:00,0,0
style.css,133,css,5b97ef1d,jocelynmiao,2026-05-01,21:32:15,-07:00,2026-05-01T21:32:15-07:00,0,14
style.css,134,css,5b97ef1d,jocelynmiao,2026-05-01,21:32:15,-07:00,2026-05-01T21:32:15-07:00,1,14
style.css,135,css,5b97ef1d,jocelynmiao,2026-05-01,21:32:15,-07:00,2026-05-01T21:32:15-07:00,1,16
style.css,136,css,5b97ef1d,jocelynmiao,2026-05-01,21:32:15,-07:00,2026-05-01T21:32:15-07:00,0,0
style.css,137,css,5b97ef1d,jocelynmiao,2026-05-01,21:32:15,-07:00,2026-05-01T21:32:15-07:00,1,16
style.css,138,css,5b97ef1d,jocelynmiao,2026-05-01,21:32:15,-07:00,2026-05-01T21:32:15-07:00,0,0
style.css,139,css,5b97ef1d,jocelynmiao,2026-05-01,21:32:15,-07:00,2026-05-01T21:32:15-07:00,0,0
style.css,140,css,5b97ef1d,jocelynmiao,2026-05-01,21:32:15,-07:00,2026-05-01T21:32:15-07:00,0,7
style.css,141,css,5b97ef1d,jocelynmiao,2026-05-01,21:32:15,-07:00,2026-05-01T21:32:15-07:00,1,12
style.css,142,css,5b97ef1d,jocelynmiao,2026-05-01,21:32:15,-07:00,2026-05-01T21:32:15-07:00,1,57
style.css,143,css,cbe69839,jocelynmiao,2026-05-08,16:52:43,-07:00,2026-05-08T16:52:43-07:00,1,7
style.css,144,css,5b97ef1d,jocelynmiao,2026-05-01,21:32:15,-07:00,2026-05-01T21:32:15-07:00,1,6
style.css,145,css,5b97ef1d,jocelynmiao,2026-05-01,21:32:15,-07:00,2026-05-01T21:32:15-07:00,1,15
style.css,146,css,5b97ef1d,jocelynmiao,2026-05-01,21:32:15,-07:00,2026-05-01T21:32:15-07:00,1,21
style.css,147,css,5b97ef1d,jocelynmiao,2026-05-01,21:32:15,-07:00,2026-05-01T21:32:15-07:00,1,11
style.css,148,css,5b97ef1d,jocelynmiao,2026-05-01,21:32:15,-07:00,2026-05-01T21:32:15-07:00,1,17
style.css,149,css,cbe69839,jocelynmiao,2026-05-08,16:52:43,-07:00,2026-05-08T16:52:43-07:00,1,12
style.css,150,css,5b97ef1d,jocelynmiao,2026-05-01,21:32:15,-07:00,2026-05-01T21:32:15-07:00,0,0
style.css,151,css,5b97ef1d,jocelynmiao,2026-05-01,21:32:15,-07:00,2026-05-01T21:32:15-07:00,0,0
style.css,152,css,5b97ef1d,jocelynmiao,2026-05-01,21:32:15,-07:00,2026-05-01T21:32:15-07:00,0,12
style.css,153,css,5b97ef1d,jocelynmiao,2026-05-01,21:32:15,-07:00,2026-05-01T21:32:15-07:00,1,12
style.css,154,css,5b97ef1d,jocelynmiao,2026-05-01,21:32:15,-07:00,2026-05-01T21:32:15-07:00,1,18
style.css,155,css,cbe69839,jocelynmiao,2026-05-08,16:52:43,-07:00,2026-05-08T16:52:43-07:00,1,9
style.css,156,css,5b97ef1d,jocelynmiao,2026-05-01,21:32:15,-07:00,2026-05-01T21:32:15-07:00,0,0
style.css,157,css,5b97ef1d,jocelynmiao,2026-05-01,21:32:15,-07:00,2026-05-01T21:32:15-07:00,0,0
style.css,158,css,5b97ef1d,jocelynmiao,2026-05-01,21:32:15,-07:00,2026-05-01T21:32:15-07:00,0,7
style.css,159,css,cbe69839,jocelynmiao,2026-05-08,16:52:43,-07:00,2026-05-08T16:52:43-07:00,1,20
style.css,160,css,5b97ef1d,jocelynmiao,2026-05-01,21:32:15,-07:00,2026-05-01T21:32:15-07:00,1,9
style.css,161,css,cbe69839,jocelynmiao,2026-05-08,16:52:43,-07:00,2026-05-08T16:52:43-07:00,1,18
style.css,162,css,cbe69839,jocelynmiao,2026-05-08,16:52:43,-07:00,2026-05-08T16:52:43-07:00,1,29
style.css,163,css,cbe69839,jocelynmiao,2026-05-08,16:52:43,-07:00,2026-05-08T16:52:43-07:00,1,19
style.css,164,css,5b97ef1d,jocelynmiao,2026-05-01,21:32:15,-07:00,2026-05-01T21:32:15-07:00,0,0
style.css,165,css,5b97ef1d,jocelynmiao,2026-05-01,21:32:15,-07:00,2026-05-01T21:32:15-07:00,0,0
style.css,166,css,5b97ef1d,jocelynmiao,2026-05-01,21:32:15,-07:00,2026-05-01T21:32:15-07:00,0,10
style.css,167,css,5b97ef1d,jocelynmiao,2026-05-01,21:32:15,-07:00,2026-05-01T21:32:15-07:00,1,12
style.css,168,css,5b97ef1d,jocelynmiao,2026-05-01,21:32:15,-07:00,2026-05-01T21:32:15-07:00,1,22
style.css,169,css,5b97ef1d,jocelynmiao,2026-05-01,21:32:15,-07:00,2026-05-01T21:32:15-07:00,1,7
style.css,170,css,5b97ef1d,jocelynmiao,2026-05-01,21:32:15,-07:00,2026-05-01T21:32:15-07:00,1,18
style.css,171,css,5b97ef1d,jocelynmiao,2026-05-01,21:32:15,-07:00,2026-05-01T21:32:15-07:00,0,0
style.css,172,css,5b97ef1d,jocelynmiao,2026-05-01,21:32:15,-07:00,2026-05-01T21:32:15-07:00,0,0
style.css,173,css,5b97ef1d,jocelynmiao,2026-05-01,21:32:15,-07:00,2026-05-01T21:32:15-07:00,0,20
style.css,174,css,5b97ef1d,jocelynmiao,2026-05-01,21:32:15,-07:00,2026-05-01T21:32:15-07:00,1,10
style.css,175,css,5b97ef1d,jocelynmiao,2026-05-01,21:32:15,-07:00,2026-05-01T21:32:15-07:00,1,11
style.css,176,css,5b97ef1d,jocelynmiao,2026-05-01,21:32:15,-07:00,2026-05-01T21:32:15-07:00,0,0
style.css,177,css,5b97ef1d,jocelynmiao,2026-05-01,21:32:15,-07:00,2026-05-01T21:32:15-07:00,0,0
style.css,178,css,5b97ef1d,jocelynmiao,2026-05-01,21:32:15,-07:00,2026-05-01T21:32:15-07:00,0,17
style.css,179,css,5b97ef1d,jocelynmiao,2026-05-01,21:32:15,-07:00,2026-05-01T21:32:15-07:00,1,16
style.css,180,css,5b97ef1d,jocelynmiao,2026-05-01,21:32:15,-07:00,2026-05-01T21:32:15-07:00,2,11
style.css,181,css,5b97ef1d,jocelynmiao,2026-05-01,21:32:15,-07:00,2026-05-01T21:32:15-07:00,1,0
style.css,182,css,5b97ef1d,jocelynmiao,2026-05-01,21:32:15,-07:00,2026-05-01T21:32:15-07:00,0,0
style.css,183,css,5b97ef1d,jocelynmiao,2026-05-01,21:32:15,-07:00,2026-05-01T21:32:15-07:00,0,0
style.css,184,css,5b97ef1d,jocelynmiao,2026-05-01,21:32:15,-07:00,2026-05-01T21:32:15-07:00,0,4
style.css,185,css,5b97ef1d,jocelynmiao,2026-05-01,21:32:15,-07:00,2026-05-01T21:32:15-07:00,1,16
style.css,186,css,5b97ef1d,jocelynmiao,2026-05-01,21:32:15,-07:00,2026-05-01T21:32:15-07:00,0,0
style.css,187,css,5b97ef1d,jocelynmiao,2026-05-01,21:32:15,-07:00,2026-05-01T21:32:15-07:00,0,0
style.css,188,css,5b97ef1d,jocelynmiao,2026-05-01,21:32:15,-07:00,2026-05-01T21:32:15-07:00,0,9
style.css,189,css,5b97ef1d,jocelynmiao,2026-05-01,21:32:15,-07:00,2026-05-01T21:32:15-07:00,1,35
style.css,190,css,5b97ef1d,jocelynmiao,2026-05-01,21:32:15,-07:00,2026-05-01T21:32:15-07:00,0,0
style.css,191,css,5b97ef1d,jocelynmiao,2026-05-01,21:32:15,-07:00,2026-05-01T21:32:15-07:00,1,10
style.css,192,css,5b97ef1d,jocelynmiao,2026-05-01,21:32:15,-07:00,2026-05-01T21:32:15-07:00,2,17
style.css,193,css,5b97ef1d,jocelynmiao,2026-05-01,21:32:15,-07:00,2026-05-01T21:32:15-07:00,1,0
style.css,194,css,5b97ef1d,jocelynmiao,2026-05-01,21:32:15,-07:00,2026-05-01T21:32:15-07:00,0,0
style.css,195,css,5b97ef1d,jocelynmiao,2026-05-01,21:32:15,-07:00,2026-05-01T21:32:15-07:00,0,0
style.css,196,css,5b97ef1d,jocelynmiao,2026-05-01,21:32:15,-07:00,2026-05-01T21:32:15-07:00,0,4
style.css,197,css,5b97ef1d,jocelynmiao,2026-05-01,21:32:15,-07:00,2026-05-01T21:32:15-07:00,1,14
style.css,198,css,cbe69839,jocelynmiao,2026-05-08,16:52:43,-07:00,2026-05-08T16:52:43-07:00,0,0
style.css,199,css,00000000,Not Committed Yet,2026-05-08,21:49:09,-07:00,2026-05-08T21:49:09-07:00,0,0
style.css,200,css,00000000,Not Committed Yet,2026-05-08,21:49:09,-07:00,2026-05-08T21:49:09-07:00,0,8
style.css,201,css,00000000,Not Committed Yet,2026-05-08,21:49:09,-07:00,2026-05-08T21:49:09-07:00,1,12
style.css,202,css,00000000,Not Committed Yet,2026-05-08,21:49:09,-07:00,2026-05-08T21:49:09-07:00,1,14
style.css,203,css,00000000,Not Committed Yet,2026-05-08,21:49:09,-07:00,2026-05-08T21:49:09-07:00,1,13
style.css,204,css,00000000,Not Committed Yet,2026-05-08,21:49:09,-07:00,2026-05-08T21:49:09-07:00,1,15
style.css,205,css,00000000,Not Committed Yet,2026-05-08,21:49:09,-07:00,2026-05-08T21:49:09-07:00,1,11
style.css,206,css,00000000,Not Committed Yet,2026-05-08,21:49:09,-07:00,2026-05-08T21:49:09-07:00,1,12
style.css,207,css,00000000,Not Committed Yet,2026-05-08,21:49:09,-07:00,2026-05-08T21:49:09-07:00,1,9
style.css,208,css,00000000,Not Committed Yet,2026-05-08,21:49:09,-07:00,2026-05-08T21:49:09-07:00,1,8
style.css,209,css,00000000,Not Committed Yet,2026-05-08,21:49:09,-07:00,2026-05-08T21:49:09-07:00,0,0
style.css,210,css,00000000,Not Committed Yet,2026-05-08,21:49:09,-07:00,2026-05-08T21:49:09-07:00,0,0
style.css,211,css,00000000,Not Committed Yet,2026-05-08,21:49:09,-07:00,2026-05-08T21:49:09-07:00,0,11
style.css,212,css,00000000,Not Committed Yet,2026-05-08,21:49:09,-07:00,2026-05-08T21:49:09-07:00,1,17
style.css,213,css,00000000,Not Committed Yet,2026-05-08,21:49:09,-07:00,2026-05-08T21:49:09-07:00,1,24
style.css,214,css,00000000,Not Committed Yet,2026-05-08,21:49:09,-07:00,2026-05-08T21:49:09-07:00,1,21
style.css,215,css,00000000,Not Committed Yet,2026-05-08,21:49:09,-07:00,2026-05-08T21:49:09-07:00,1,10
style.css,216,css,00000000,Not Committed Yet,2026-05-08,21:49:09,-07:00,2026-05-08T21:49:09-07:00,1,8
style.css,217,css,00000000,Not Committed Yet,2026-05-08,21:49:09,-07:00,2026-05-08T21:49:09-07:00,0,0
style.css,218,css,00000000,Not Committed Yet,2026-05-08,21:49:09,-07:00,2026-05-08T21:49:09-07:00,0,0
style.css,219,css,00000000,Not Committed Yet,2026-05-08,21:49:09,-07:00,2026-05-08T21:49:09-07:00,0,11
style.css,220,css,00000000,Not Committed Yet,2026-05-08,21:49:09,-07:00,2026-05-08T21:49:09-07:00,1,16
style.css,221,css,00000000,Not Committed Yet,2026-05-08,21:49:09,-07:00,2026-05-08T21:49:09-07:00,1,16
style.css,222,css,00000000,Not Committed Yet,2026-05-08,21:49:09,-07:00,2026-05-08T21:49:09-07:00,1,8
style.css,223,css,00000000,Not Committed Yet,2026-05-08,21:49:09,-07:00,2026-05-08T21:49:09-07:00,0,0
style.css,224,css,00000000,Not Committed Yet,2026-05-08,21:49:09,-07:00,2026-05-08T21:49:09-07:00,0,0
style.css,225,css,00000000,Not Committed Yet,2026-05-08,21:49:09,-07:00,2026-05-08T21:49:09-07:00,0,15
style.css,226,css,00000000,Not Committed Yet,2026-05-08,21:49:09,-07:00,2026-05-08T21:49:09-07:00,1,18
style.css,227,css,00000000,Not Committed Yet,2026-05-08,21:49:09,-07:00,2026-05-08T21:49:09-07:00,0,0
style.css,228,css,00000000,Not Committed Yet,2026-05-08,21:49:09,-07:00,2026-05-08T21:49:09-07:00,0,0
style.css,229,css,00000000,Not Committed Yet,2026-05-08,21:49:09,-07:00,2026-05-08T21:49:09-07:00,0,15
style.css,230,css,00000000,Not Committed Yet,2026-05-08,21:49:09,-07:00,2026-05-08T21:49:09-07:00,1,12
style.css,231,css,00000000,Not Committed Yet,2026-05-08,21:49:09,-07:00,2026-05-08T21:49:09-07:00,0,0
style.css,232,css,00000000,Not Committed Yet,2026-05-08,21:49:09,-07:00,2026-05-08T21:49:09-07:00,0,0
style.css,233,css,00000000,Not Committed Yet,2026-05-08,21:49:09,-07:00,2026-05-08T21:49:09-07:00,0,6
style.css,234,css,00000000,Not Committed Yet,2026-05-08,21:49:09,-07:00,2026-05-08T21:49:09-07:00,1,16
style.css,235,css,00000000,Not Committed Yet,2026-05-08,21:49:09,-07:00,2026-05-08T21:49:09-07:00,1,23
style.css,236,css,00000000,Not Committed Yet,2026-05-08,21:49:09,-07:00,2026-05-08T21:49:09-07:00,1,22
style.css,237,css,00000000,Not Committed Yet,2026-05-08,21:49:09,-07:00,2026-05-08T21:49:09-07:00,0,0
style.css,238,css,00000000,Not Committed Yet,2026-05-08,21:49:09,-07:00,2026-05-08T21:49:09-07:00,0,0
style.css,239,css,00000000,Not Committed Yet,2026-05-08,21:49:09,-07:00,2026-05-08T21:49:09-07:00,0,12
style.css,240,css,00000000,Not Committed Yet,2026-05-08,21:49:09,-07:00,2026-05-08T21:49:09-07:00,1,20
style.css,241,css,00000000,Not Committed Yet,2026-05-08,21:49:09,-07:00,2026-05-08T21:49:09-07:00,0,0
style.css,242,css,00000000,Not Committed Yet,2026-05-08,21:49:09,-07:00,2026-05-08T21:49:09-07:00,0,0
style.css,243,css,00000000,Not Committed Yet,2026-05-08,21:49:09,-07:00,2026-05-08T21:49:09-07:00,0,7
style.css,244,css,00000000,Not Committed Yet,2026-05-08,21:49:09,-07:00,2026-05-08T21:49:09-07:00,1,14
style.css,245,css,00000000,Not Committed Yet,2026-05-08,21:49:09,-07:00,2026-05-08T21:49:09-07:00,1,12
style.css,246,css,00000000,Not Committed Yet,2026-05-08,21:49:09,-07:00,2026-05-08T21:49:09-07:00,1,8
style.css,247,css,00000000,Not Committed Yet,2026-05-08,21:49:09,-07:00,2026-05-08T21:49:09-07:00,1,23
style.css,248,css,00000000,Not Committed Yet,2026-05-08,21:49:09,-07:00,2026-05-08T21:49:09-07:00,0,0
style.css,249,css,00000000,Not Committed Yet,2026-05-08,21:49:09,-07:00,2026-05-08T21:49:09-07:00,1,31
style.css,250,css,00000000,Not Committed Yet,2026-05-08,21:49:09,-07:00,2026-05-08T21:49:09-07:00,1,41
style.css,251,css,00000000,Not Committed Yet,2026-05-08,21:49:09,-07:00,2026-05-08T21:49:09-07:00,1,17
style.css,252,css,00000000,Not Committed Yet,2026-05-08,21:49:09,-07:00,2026-05-08T21:49:09-07:00,1,25
style.css,253,css,00000000,Not Committed Yet,2026-05-08,21:49:09,-07:00,2026-05-08T21:49:09-07:00,1,20
style.css,254,css,00000000,Not Committed Yet,2026-05-08,21:49:09,-07:00,2026-05-08T21:49:09-07:00,0,0
style.css,255,css,00000000,Not Committed Yet,2026-05-08,21:49:09,-07:00,2026-05-08T21:49:09-07:00,1,25
style.css,256,css,00000000,Not Committed Yet,2026-05-08,21:49:09,-07:00,2026-05-08T21:49:09-07:00,1,39
style.css,257,css,00000000,Not Committed Yet,2026-05-08,21:49:09,-07:00,2026-05-08T21:49:09-07:00,0,0
style.css,258,css,00000000,Not Committed Yet,2026-05-08,21:49:09,-07:00,2026-05-08T21:49:09-07:00,0,0
style.css,259,css,00000000,Not Committed Yet,2026-05-08,21:49:09,-07:00,2026-05-08T21:49:09-07:00,0,42
style.css,260,css,00000000,Not Committed Yet,2026-05-08,21:49:09,-07:00,2026-05-08T21:49:09-07:00,1,9
style.css,261,css,00000000,Not Committed Yet,2026-05-08,21:49:09,-07:00,2026-05-08T21:49:09-07:00,1,17
style.css,262,css,00000000,Not Committed Yet,2026-05-08,21:49:09,-07:00,2026-05-08T21:49:09-07:00,0,0
style.css,263,css,00000000,Not Committed Yet,2026-05-08,21:49:09,-07:00,2026-05-08T21:49:09-07:00,0,0
style.css,264,css,00000000,Not Committed Yet,2026-05-08,21:49:09,-07:00,2026-05-08T21:49:09-07:00,0,24
style.css,265,css,00000000,Not Committed Yet,2026-05-08,21:49:09,-07:00,2026-05-08T21:49:09-07:00,1,2
style.css,266,css,00000000,Not Committed Yet,2026-05-08,21:49:09,-07:00,2026-05-08T21:49:09-07:00,2,32
style.css,267,css,00000000,Not Committed Yet,2026-05-08,21:49:09,-07:00,2026-05-08T21:49:09-07:00,1,0
style.css,268,css,00000000,Not Committed Yet,2026-05-08,21:49:09,-07:00,2026-05-08T21:49:09-07:00,0,0
style.css,269,css,00000000,Not Committed Yet,2026-05-08,21:49:09,-07:00,2026-05-08T21:49:09-07:00,0,0
style.css,270,css,00000000,Not Committed Yet,2026-05-08,21:49:09,-07:00,2026-05-08T21:49:09-07:00,0,10
style.css,271,css,00000000,Not Committed Yet,2026-05-08,21:49:09,-07:00,2026-05-08T21:49:09-07:00,1,16
style.css,272,css,00000000,Not Committed Yet,2026-05-08,21:49:09,-07:00,2026-05-08T21:49:09-07:00,1,11
style.css,273,css,00000000,Not Committed Yet,2026-05-08,21:49:09,-07:00,2026-05-08T21:49:09-07:00,1,18
style.css,274,css,00000000,Not Committed Yet,2026-05-08,21:49:09,-07:00,2026-05-08T21:49:09-07:00,1,20
style.css,275,css,00000000,Not Committed Yet,2026-05-08,21:49:09,-07:00,2026-05-08T21:49:09-07:00,1,42
style.css,276,css,00000000,Not Committed Yet,2026-05-08,21:49:09,-07:00,2026-05-08T21:49:09-07:00,0,0
style.css,277,css,00000000,Not Committed Yet,2026-05-08,21:49:09,-07:00,2026-05-08T21:49:09-07:00,0,0
style.css,278,css,00000000,Not Committed Yet,2026-05-08,21:49:09,-07:00,2026-05-08T21:49:09-07:00,0,15
style.css,279,css,00000000,Not Committed Yet,2026-05-08,21:49:09,-07:00,2026-05-08T21:49:09-07:00,1,24
style.css,280,css,00000000,Not Committed Yet,2026-05-08,21:49:09,-07:00,2026-05-08T21:49:09-07:00,0,0
index.js,1,js,c55f5887,jocelynmiao,2026-04-24,00:48:44,-07:00,2026-04-24T00:48:44-07:00,0,71
index.js,2,js,c55f5887,jocelynmiao,2026-04-24,00:48:44,-07:00,2026-04-24T00:48:44-07:00,0,0
index.js,3,js,c55f5887,jocelynmiao,2026-04-24,00:48:44,-07:00,2026-04-24T00:48:44-07:00,0,54
index.js,4,js,c55f5887,jocelynmiao,2026-04-24,00:48:44,-07:00,2026-04-24T00:48:44-07:00,0,42
index.js,5,js,c55f5887,jocelynmiao,2026-04-24,00:48:44,-07:00,2026-04-24T00:48:44-07:00,0,0
index.js,6,js,c55f5887,jocelynmiao,2026-04-24,00:48:44,-07:00,2026-04-24T00:48:44-07:00,0,60
index.js,7,js,c55f5887,jocelynmiao,2026-04-24,00:48:44,-07:00,2026-04-24T00:48:44-07:00,0,54
index.js,8,js,c55f5887,jocelynmiao,2026-04-24,00:48:44,-07:00,2026-04-24T00:48:44-07:00,0,0
index.js,9,js,c55f5887,jocelynmiao,2026-04-24,00:48:44,-07:00,2026-04-24T00:48:44-07:00,0,54
index.js,10,js,c55f5887,jocelynmiao,2026-04-24,00:48:44,-07:00,2026-04-24T00:48:44-07:00,0,60
index.js,11,js,c55f5887,jocelynmiao,2026-04-24,00:48:44,-07:00,2026-04-24T00:48:44-07:00,0,0
index.js,12,js,c55f5887,jocelynmiao,2026-04-24,00:48:44,-07:00,2026-04-24T00:48:44-07:00,0,17
index.js,13,js,c55f5887,jocelynmiao,2026-04-24,00:48:44,-07:00,2026-04-24T00:48:44-07:00,1,24
index.js,14,js,c55f5887,jocelynmiao,2026-04-24,00:48:44,-07:00,2026-04-24T00:48:44-07:00,4,2
index.js,15,js,c55f5887,jocelynmiao,2026-04-24,00:48:44,-07:00,2026-04-24T00:48:44-07:00,5,55
index.js,16,js,c55f5887,jocelynmiao,2026-04-24,00:48:44,-07:00,2026-04-24T00:48:44-07:00,5,55
index.js,17,js,c55f5887,jocelynmiao,2026-04-24,00:48:44,-07:00,2026-04-24T00:48:44-07:00,5,49
index.js,18,js,c55f5887,jocelynmiao,2026-04-24,00:48:44,-07:00,2026-04-24T00:48:44-07:00,5,49
index.js,19,js,c55f5887,jocelynmiao,2026-04-24,00:48:44,-07:00,2026-04-24T00:48:44-07:00,4,3
index.js,20,js,c55f5887,jocelynmiao,2026-04-24,00:48:44,-07:00,2026-04-24T00:48:44-07:00,2,0
index.js,21,js,c55f5887,jocelynmiao,2026-04-24,00:48:44,-07:00,2026-04-24T00:48:44-07:00,0,0
index.html,1,html,ea0618c,jocelynmiao,2026-04-01,16:06:43,-07:00,2026-04-01T16:06:43-07:00,0,13
index.html,2,html,ea0618c,jocelynmiao,2026-04-01,16:06:43,-07:00,2026-04-01T16:06:43-07:00,0,14
index.html,3,html,cbe69839,jocelynmiao,2026-05-08,16:52:43,-07:00,2026-05-08T16:52:43-07:00,1,4
index.html,4,html,cbe69839,jocelynmiao,2026-05-08,16:52:43,-07:00,2026-05-08T16:52:43-07:00,2,40
index.html,5,html,c55f5887,jocelynmiao,2026-04-24,00:48:44,-07:00,2026-04-24T00:48:44-07:00,2,50
index.html,6,html,57bf1c33,jocelynmiao,2026-04-16,21:46:39,-07:00,2026-04-16T21:46:39-07:00,2,45
index.html,7,html,3abedb81,jocelynmiao,2026-04-02,13:03:29,-07:00,2026-04-02T13:03:29-07:00,2,54
index.html,8,html,cbe69839,jocelynmiao,2026-05-08,16:52:43,-07:00,2026-05-08T16:52:43-07:00,2,22
index.html,9,html,cbe69839,jocelynmiao,2026-05-08,16:52:43,-07:00,2026-05-08T16:52:43-07:00,2,70
index.html,10,html,cbe69839,jocelynmiao,2026-05-08,16:52:43,-07:00,2026-05-08T16:52:43-07:00,1,5
index.html,11,html,bcf6ab0e,jocelynmiao,2026-04-02,13:24:12,-07:00,2026-04-02T13:24:12-07:00,0,0
index.html,12,html,cbe69839,jocelynmiao,2026-05-08,16:52:43,-07:00,2026-05-08T16:52:43-07:00,1,4
index.html,13,html,ea0618c,jocelynmiao,2026-04-01,16:06:43,-07:00,2026-04-01T16:06:43-07:00,2,19
index.html,14,html,cbe69839,jocelynmiao,2026-05-08,16:52:43,-07:00,2026-05-08T16:52:43-07:00,2,1
index.html,15,html,cbe69839,jocelynmiao,2026-05-08,16:52:43,-07:00,2026-05-08T16:52:43-07:00,3,68
index.html,16,html,cbe69839,jocelynmiao,2026-05-08,16:52:43,-07:00,2026-05-08T16:52:43-07:00,3,70
index.html,17,html,cbe69839,jocelynmiao,2026-05-08,16:52:43,-07:00,2026-05-08T16:52:43-07:00,3,13
index.html,18,html,cbe69839,jocelynmiao,2026-05-08,16:52:43,-07:00,2026-05-08T16:52:43-07:00,2,2
index.html,19,html,cbe69839,jocelynmiao,2026-05-08,16:52:43,-07:00,2026-05-08T16:52:43-07:00,2,2
index.html,20,html,cbe69839,jocelynmiao,2026-05-08,16:52:43,-07:00,2026-05-08T16:52:43-07:00,3,22
index.html,21,html,cbe69839,jocelynmiao,2026-05-08,16:52:43,-07:00,2026-05-08T16:52:43-07:00,3,9
index.html,22,html,cbe69839,jocelynmiao,2026-05-08,16:52:43,-07:00,2026-05-08T16:52:43-07:00,3,63
index.html,23,html,cbe69839,jocelynmiao,2026-05-08,16:52:43,-07:00,2026-05-08T16:52:43-07:00,2,0
index.html,24,html,c55f5887,jocelynmiao,2026-04-24,00:48:44,-07:00,2026-04-24T00:48:44-07:00,2,22
index.html,25,html,c55f5887,jocelynmiao,2026-04-24,00:48:44,-07:00,2026-04-24T00:48:44-07:00,2,26
index.html,26,html,c55f5887,jocelynmiao,2026-04-24,00:48:44,-07:00,2026-04-24T00:48:44-07:00,2,28
index.html,27,html,cbe69839,jocelynmiao,2026-05-08,16:52:43,-07:00,2026-05-08T16:52:43-07:00,1,5
index.html,28,html,cbe69839,jocelynmiao,2026-05-08,16:52:43,-07:00,2026-05-08T16:52:43-07:00,0,5
global.js,1,js,1d2adb4c,jocelynmiao,2026-04-16,21:41:41,-07:00,2026-04-16T21:41:41-07:00,0,41
global.js,2,js,cbe69839,jocelynmiao,2026-05-08,16:52:43,-07:00,2026-05-08T16:52:43-07:00,1,52
global.js,3,js,1d2adb4c,jocelynmiao,2026-04-16,21:41:41,-07:00,2026-04-16T21:41:41-07:00,0,0
global.js,4,js,1d2adb4c,jocelynmiao,2026-04-16,21:41:41,-07:00,2026-04-16T21:41:41-07:00,0,0
global.js,5,js,1d2adb4c,jocelynmiao,2026-04-16,21:41:41,-07:00,2026-04-16T21:41:41-07:00,0,11
global.js,6,js,cbe69839,jocelynmiao,2026-05-08,16:52:43,-07:00,2026-05-08T16:52:43-07:00,1,25
global.js,7,js,cbe69839,jocelynmiao,2026-05-08,16:52:43,-07:00,2026-05-08T16:52:43-07:00,1,38
global.js,8,js,cbe69839,jocelynmiao,2026-05-08,16:52:43,-07:00,2026-05-08T16:52:43-07:00,1,36
global.js,9,js,cbe69839,jocelynmiao,2026-05-08,16:52:43,-07:00,2026-05-08T16:52:43-07:00,1,26
global.js,10,js,cbe69839,jocelynmiao,2026-05-08,16:52:43,-07:00,2026-05-08T16:52:43-07:00,1,30
global.js,11,js,cbe69839,jocelynmiao,2026-05-08,16:52:43,-07:00,2026-05-08T16:52:43-07:00,1,57
global.js,12,js,1d2adb4c,jocelynmiao,2026-04-16,21:41:41,-07:00,2026-04-16T21:41:41-07:00,0,0
global.js,13,js,1d2adb4c,jocelynmiao,2026-04-16,21:41:41,-07:00,2026-04-16T21:41:41-07:00,0,0
global.js,14,js,cbe69839,jocelynmiao,2026-05-08,16:52:43,-07:00,2026-05-08T16:52:43-07:00,0,15
global.js,15,js,cbe69839,jocelynmiao,2026-05-08,16:52:43,-07:00,2026-05-08T16:52:43-07:00,1,68
global.js,16,js,cbe69839,jocelynmiao,2026-05-08,16:52:43,-07:00,2026-05-08T16:52:43-07:00,2,3
global.js,17,js,cbe69839,jocelynmiao,2026-05-08,16:52:43,-07:00,2026-05-08T16:52:43-07:00,2,14
global.js,18,js,1d2adb4c,jocelynmiao,2026-04-16,21:41:41,-07:00,2026-04-16T21:41:41-07:00,0,0
global.js,19,js,cbe69839,jocelynmiao,2026-05-08,16:52:43,-07:00,2026-05-08T16:52:43-07:00,0,38
global.js,20,js,1d2adb4c,jocelynmiao,2026-04-16,21:41:41,-07:00,2026-04-16T21:41:41-07:00,0,25
global.js,21,js,1d2adb4c,jocelynmiao,2026-04-16,21:41:41,-07:00,2026-04-16T21:41:41-07:00,0,0
global.js,22,js,1d2adb4c,jocelynmiao,2026-04-16,21:41:41,-07:00,2026-04-16T21:41:41-07:00,0,20
global.js,23,js,1d2adb4c,jocelynmiao,2026-04-16,21:41:41,-07:00,2026-04-16T21:41:41-07:00,1,14
global.js,24,js,1d2adb4c,jocelynmiao,2026-04-16,21:41:41,-07:00,2026-04-16T21:41:41-07:00,1,18
global.js,25,js,cbe69839,jocelynmiao,2026-05-08,16:52:43,-07:00,2026-05-08T16:52:43-07:00,1,34
global.js,26,js,cbe69839,jocelynmiao,2026-05-08,16:52:43,-07:00,2026-05-08T16:52:43-07:00,1,52
global.js,27,js,cbe69839,jocelynmiao,2026-05-08,16:52:43,-07:00,2026-05-08T16:52:43-07:00,1,27
global.js,28,js,1d2adb4c,jocelynmiao,2026-04-16,21:41:41,-07:00,2026-04-16T21:41:41-07:00,2,18
global.js,29,js,cbe69839,jocelynmiao,2026-05-08,16:52:43,-07:00,2026-05-08T16:52:43-07:00,1,0
global.js,30,js,1d2adb4c,jocelynmiao,2026-04-16,21:41:41,-07:00,2026-04-16T21:41:41-07:00,0,0
global.js,31,js,1d2adb4c,jocelynmiao,2026-04-16,21:41:41,-07:00,2026-04-16T21:41:41-07:00,1,11
global.js,32,js,1d2adb4c,jocelynmiao,2026-04-16,21:41:41,-07:00,2026-04-16T21:41:41-07:00,1,65
global.js,33,js,cbe69839,jocelynmiao,2026-05-08,16:52:43,-07:00,2026-05-08T16:52:43-07:00,2,25
global.js,34,js,cbe69839,jocelynmiao,2026-05-08,16:52:43,-07:00,2026-05-08T16:52:43-07:00,1,0
global.js,35,js,1d2adb4c,jocelynmiao,2026-04-16,21:41:41,-07:00,2026-04-16T21:41:41-07:00,0,0
global.js,36,js,1d2adb4c,jocelynmiao,2026-04-16,21:41:41,-07:00,2026-04-16T21:41:41-07:00,1,20
global.js,37,js,1d2adb4c,jocelynmiao,2026-04-16,21:41:41,-07:00,2026-04-16T21:41:41-07:00,1,12
global.js,38,js,1d2adb4c,jocelynmiao,2026-04-16,21:41:41,-07:00,2026-04-16T21:41:41-07:00,0,0
global.js,39,js,1d2adb4c,jocelynmiao,2026-04-16,21:41:41,-07:00,2026-04-16T21:41:41-07:00,0,0
global.js,40,js,1d2adb4c,jocelynmiao,2026-04-16,21:41:41,-07:00,2026-04-16T21:41:41-07:00,0,31
global.js,41,js,cbe69839,jocelynmiao,2026-05-08,16:52:43,-07:00,2026-05-08T16:52:43-07:00,1,11
global.js,42,js,1d2adb4c,jocelynmiao,2026-04-16,21:41:41,-07:00,2026-04-16T21:41:41-07:00,1,0
global.js,43,js,1d2adb4c,jocelynmiao,2026-04-16,21:41:41,-07:00,2026-04-16T21:41:41-07:00,0,26
global.js,44,js,1d2adb4c,jocelynmiao,2026-04-16,21:41:41,-07:00,2026-04-16T21:41:41-07:00,0,4
global.js,45,js,1d2adb4c,jocelynmiao,2026-04-16,21:41:41,-07:00,2026-04-16T21:41:41-07:00,0,6
global.js,46,js,1d2adb4c,jocelynmiao,2026-04-16,21:41:41,-07:00,2026-04-16T21:41:41-07:00,0,43
global.js,47,js,1d2adb4c,jocelynmiao,2026-04-16,21:41:41,-07:00,2026-04-16T21:41:41-07:00,6,34
global.js,48,js,1d2adb4c,jocelynmiao,2026-04-16,21:41:41,-07:00,2026-04-16T21:41:41-07:00,6,32
global.js,49,js,1d2adb4c,jocelynmiao,2026-04-16,21:41:41,-07:00,2026-04-16T21:41:41-07:00,0,7
global.js,50,js,1d2adb4c,jocelynmiao,2026-04-16,21:41:41,-07:00,2026-04-16T21:41:41-07:00,0,8
global.js,51,js,1d2adb4c,jocelynmiao,2026-04-16,21:41:41,-07:00,2026-04-16T21:41:41-07:00,0,0
global.js,52,js,1d2adb4c,jocelynmiao,2026-04-16,21:41:41,-07:00,2026-04-16T21:41:41-07:00,0,0
global.js,53,js,cbe69839,jocelynmiao,2026-05-08,16:52:43,-07:00,2026-05-08T16:52:43-07:00,0,60
global.js,54,js,1d2adb4c,jocelynmiao,2026-04-16,21:41:41,-07:00,2026-04-16T21:41:41-07:00,0,0
global.js,55,js,1d2adb4c,jocelynmiao,2026-04-16,21:41:41,-07:00,2026-04-16T21:41:41-07:00,0,34
global.js,56,js,1d2adb4c,jocelynmiao,2026-04-16,21:41:41,-07:00,2026-04-16T21:41:41-07:00,1,37
global.js,57,js,cbe69839,jocelynmiao,2026-05-08,16:52:43,-07:00,2026-05-08T16:52:43-07:00,1,64
global.js,58,js,cbe69839,jocelynmiao,2026-05-08,16:52:43,-07:00,2026-05-08T16:52:43-07:00,1,19
global.js,59,js,1d2adb4c,jocelynmiao,2026-04-16,21:41:41,-07:00,2026-04-16T21:41:41-07:00,0,0
global.js,60,js,1d2adb4c,jocelynmiao,2026-04-16,21:41:41,-07:00,2026-04-16T21:41:41-07:00,0,0
global.js,61,js,cbe69839,jocelynmiao,2026-05-08,16:52:43,-07:00,2026-05-08T16:52:43-07:00,0,49
global.js,62,js,cbe69839,jocelynmiao,2026-05-08,16:52:43,-07:00,2026-05-08T16:52:43-07:00,1,57
global.js,63,js,cbe69839,jocelynmiao,2026-05-08,16:52:43,-07:00,2026-05-08T16:52:43-07:00,1,41
global.js,64,js,cbe69839,jocelynmiao,2026-05-08,16:52:43,-07:00,2026-05-08T16:52:43-07:00,2,13
global.js,65,js,cbe69839,jocelynmiao,2026-05-08,16:52:43,-07:00,2026-05-08T16:52:43-07:00,2,17
global.js,66,js,cbe69839,jocelynmiao,2026-05-08,16:52:43,-07:00,2026-05-08T16:52:43-07:00,1,0
global.js,67,js,1d2adb4c,jocelynmiao,2026-04-16,21:41:41,-07:00,2026-04-16T21:41:41-07:00,1,44
global.js,68,js,1d2adb4c,jocelynmiao,2026-04-16,21:41:41,-07:00,2026-04-16T21:41:41-07:00,0,1
global.js,69,js,1d2adb4c,jocelynmiao,2026-04-16,21:41:41,-07:00,2026-04-16T21:41:41-07:00,0,0
global.js,70,js,cbe69839,jocelynmiao,2026-05-08,16:52:43,-07:00,2026-05-08T16:52:43-07:00,0,42
global.js,71,js,1d2adb4c,jocelynmiao,2026-04-16,21:41:41,-07:00,2026-04-16T21:41:41-07:00,0,0
global.js,72,js,1d2adb4c,jocelynmiao,2026-04-16,21:41:41,-07:00,2026-04-16T21:41:41-07:00,0,9
global.js,73,js,cbe69839,jocelynmiao,2026-05-08,16:52:43,-07:00,2026-05-08T16:52:43-07:00,1,42
global.js,74,js,1d2adb4c,jocelynmiao,2026-04-16,21:41:41,-07:00,2026-04-16T21:41:41-07:00,2,21
global.js,75,js,1d2adb4c,jocelynmiao,2026-04-16,21:41:41,-07:00,2026-04-16T21:41:41-07:00,2,30
global.js,76,js,1d2adb4c,jocelynmiao,2026-04-16,21:41:41,-07:00,2026-04-16T21:41:41-07:00,2,14
global.js,77,js,1d2adb4c,jocelynmiao,2026-04-16,21:41:41,-07:00,2026-04-16T21:41:41-07:00,2,31
global.js,78,js,cbe69839,jocelynmiao,2026-05-08,16:52:43,-07:00,2026-05-08T16:52:43-07:00,3,70
global.js,79,js,1d2adb4c,jocelynmiao,2026-04-16,21:41:41,-07:00,2026-04-16T21:41:41-07:00,2,0
global.js,80,js,1d2adb4c,jocelynmiao,2026-04-16,21:41:41,-07:00,2026-04-16T21:41:41-07:00,2,47
global.js,81,js,1d2adb4c,jocelynmiao,2026-04-16,21:41:41,-07:00,2026-04-16T21:41:41-07:00,2,15
global.js,82,js,1d2adb4c,jocelynmiao,2026-04-16,21:41:41,-07:00,2026-04-16T21:41:41-07:00,2,18
global.js,83,js,1d2adb4c,jocelynmiao,2026-04-16,21:41:41,-07:00,2026-04-16T21:41:41-07:00,1,1
global.js,84,js,c55f5887,jocelynmiao,2026-04-24,00:48:44,-07:00,2026-04-24T00:48:44-07:00,0,0
global.js,85,js,c55f5887,jocelynmiao,2026-04-24,00:48:44,-07:00,2026-04-24T00:48:44-07:00,0,0
global.js,86,js,c55f5887,jocelynmiao,2026-04-24,00:48:44,-07:00,2026-04-24T00:48:44-07:00,0,36
global.js,87,js,c55f5887,jocelynmiao,2026-04-24,00:48:44,-07:00,2026-04-24T00:48:44-07:00,1,3
global.js,88,js,c55f5887,jocelynmiao,2026-04-24,00:48:44,-07:00,2026-04-24T00:48:44-07:00,2,32
global.js,89,js,c55f5887,jocelynmiao,2026-04-24,00:48:44,-07:00,2026-04-24T00:48:44-07:00,2,20
global.js,90,js,c55f5887,jocelynmiao,2026-04-24,00:48:44,-07:00,2026-04-24T00:48:44-07:00,2,17
global.js,91,js,c55f5887,jocelynmiao,2026-04-24,00:48:44,-07:00,2026-04-24T00:48:44-07:00,3,66
global.js,92,js,c55f5887,jocelynmiao,2026-04-24,00:48:44,-07:00,2026-04-24T00:48:44-07:00,2,0
global.js,93,js,c55f5887,jocelynmiao,2026-04-24,00:48:44,-07:00,2026-04-24T00:48:44-07:00,2,33
global.js,94,js,c55f5887,jocelynmiao,2026-04-24,00:48:44,-07:00,2026-04-24T00:48:44-07:00,2,10
global.js,95,js,c55f5887,jocelynmiao,2026-04-24,00:48:44,-07:00,2026-04-24T00:48:44-07:00,1,15
global.js,96,js,cbe69839,jocelynmiao,2026-05-08,16:52:43,-07:00,2026-05-08T16:52:43-07:00,2,59
global.js,97,js,c55f5887,jocelynmiao,2026-04-24,00:48:44,-07:00,2026-04-24T00:48:44-07:00,1,0
global.js,98,js,c55f5887,jocelynmiao,2026-04-24,00:48:44,-07:00,2026-04-24T00:48:44-07:00,0,0
global.js,99,js,c55f5887,jocelynmiao,2026-04-24,00:48:44,-07:00,2026-04-24T00:48:44-07:00,0,0
global.js,100,js,cbe69839,jocelynmiao,2026-05-08,16:52:43,-07:00,2026-05-08T16:52:43-07:00,0,78
global.js,101,js,cbe69839,jocelynmiao,2026-05-08,16:52:43,-07:00,2026-05-08T16:52:43-07:00,1,30
global.js,102,js,c55f5887,jocelynmiao,2026-04-24,00:48:44,-07:00,2026-04-24T00:48:44-07:00,0,0
global.js,103,js,cbe69839,jocelynmiao,2026-05-08,16:52:43,-07:00,2026-05-08T16:52:43-07:00,1,22
global.js,104,js,cbe69839,jocelynmiao,2026-05-08,16:52:43,-07:00,2026-05-08T16:52:43-07:00,2,48
global.js,105,js,c55f5887,jocelynmiao,2026-04-24,00:48:44,-07:00,2026-04-24T00:48:44-07:00,0,0
global.js,106,js,c55f5887,jocelynmiao,2026-04-24,00:48:44,-07:00,2026-04-24T00:48:44-07:00,2,19
global.js,107,js,c55f5887,jocelynmiao,2026-04-24,00:48:44,-07:00,2026-04-24T00:48:44-07:00,3,43
global.js,108,js,c55f5887,jocelynmiao,2026-04-24,00:48:44,-07:00,2026-04-24T00:48:44-07:00,3,37
global.js,109,js,5b97ef1d,jocelynmiao,2026-05-01,21:32:15,-07:00,2026-05-01T21:32:15-07:00,3,27
global.js,110,js,5b97ef1d,jocelynmiao,2026-05-01,21:32:15,-07:00,2026-05-01T21:32:15-07:00,3,28
global.js,111,js,c55f5887,jocelynmiao,2026-04-24,00:48:44,-07:00,2026-04-24T00:48:44-07:00,2,0
global.js,112,js,c55f5887,jocelynmiao,2026-04-24,00:48:44,-07:00,2026-04-24T00:48:44-07:00,0,0
global.js,113,js,c55f5887,jocelynmiao,2026-04-24,00:48:44,-07:00,2026-04-24T00:48:44-07:00,2,36
global.js,114,js,c55f5887,jocelynmiao,2026-04-24,00:48:44,-07:00,2026-04-24T00:48:44-07:00,1,1
global.js,115,js,c55f5887,jocelynmiao,2026-04-24,00:48:44,-07:00,2026-04-24T00:48:44-07:00,0,0
global.js,116,js,c55f5887,jocelynmiao,2026-04-24,00:48:44,-07:00,2026-04-24T00:48:44-07:00,0,0
global.js,117,js,c55f5887,jocelynmiao,2026-04-24,00:48:44,-07:00,2026-04-24T00:48:44-07:00,0,47
global.js,118,js,c55f5887,jocelynmiao,2026-04-24,00:48:44,-07:00,2026-04-24T00:48:44-07:00,1,59
global.js,119,js,cbe69839,jocelynmiao,2026-05-08,16:52:43,-07:00,2026-05-08T16:52:43-07:00,0,0
projects\projects.js,1,js,cbe69839,jocelynmiao,2026-05-08,16:52:43,-07:00,2026-05-08T16:52:43-07:00,0,55
projects\projects.js,2,js,cbe69839,jocelynmiao,2026-05-08,16:52:43,-07:00,2026-05-08T16:52:43-07:00,0,63
projects\projects.js,3,js,c55f5887,jocelynmiao,2026-04-24,00:48:44,-07:00,2026-04-24T00:48:44-07:00,0,0
projects\projects.js,4,js,c55f5887,jocelynmiao,2026-04-24,00:48:44,-07:00,2026-04-24T00:48:44-07:00,0,55
projects\projects.js,5,js,cbe69839,jocelynmiao,2026-05-08,16:52:43,-07:00,2026-05-08T16:52:43-07:00,0,60
projects\projects.js,6,js,cbe69839,jocelynmiao,2026-05-08,16:52:43,-07:00,2026-05-08T16:52:43-07:00,0,48
projects\projects.js,7,js,c55f5887,jocelynmiao,2026-04-24,00:48:44,-07:00,2026-04-24T00:48:44-07:00,0,0
projects\projects.js,8,js,5b97ef1d,jocelynmiao,2026-05-01,21:32:15,-07:00,2026-05-01T21:32:15-07:00,0,57
projects\projects.js,9,js,5b97ef1d,jocelynmiao,2026-05-01,21:32:15,-07:00,2026-05-01T21:32:15-07:00,0,47
projects\projects.js,10,js,5b97ef1d,jocelynmiao,2026-05-01,21:32:15,-07:00,2026-05-01T21:32:15-07:00,0,0
projects\projects.js,11,js,cbe69839,jocelynmiao,2026-05-08,16:52:43,-07:00,2026-05-08T16:52:43-07:00,0,13
projects\projects.js,12,js,5b97ef1d,jocelynmiao,2026-05-01,21:32:15,-07:00,2026-05-01T21:32:15-07:00,0,21
projects\projects.js,13,js,5b97ef1d,jocelynmiao,2026-05-01,21:32:15,-07:00,2026-05-01T21:32:15-07:00,0,0
projects\projects.js,14,js,5b97ef1d,jocelynmiao,2026-05-01,21:32:15,-07:00,2026-05-01T21:32:15-07:00,0,30
projects\projects.js,15,js,5b97ef1d,jocelynmiao,2026-05-01,21:32:15,-07:00,2026-05-01T21:32:15-07:00,1,35
projects\projects.js,16,js,5b97ef1d,jocelynmiao,2026-05-01,21:32:15,-07:00,2026-05-01T21:32:15-07:00,2,42
projects\projects.js,17,js,cbe69839,jocelynmiao,2026-05-08,16:52:43,-07:00,2026-05-08T16:52:43-07:00,3,9
projects\projects.js,18,js,5b97ef1d,jocelynmiao,2026-05-01,21:32:15,-07:00,2026-05-01T21:32:15-07:00,3,12
projects\projects.js,19,js,5b97ef1d,jocelynmiao,2026-05-01,21:32:15,-07:00,2026-05-01T21:32:15-07:00,3,29
projects\projects.js,20,js,5b97ef1d,jocelynmiao,2026-05-01,21:32:15,-07:00,2026-05-01T21:32:15-07:00,0,0
projects\projects.js,21,js,5b97ef1d,jocelynmiao,2026-05-01,21:32:15,-07:00,2026-05-01T21:32:15-07:00,2,17
projects\projects.js,22,js,cbe69839,jocelynmiao,2026-05-08,16:52:43,-07:00,2026-05-08T16:52:43-07:00,3,66
projects\projects.js,23,js,5b97ef1d,jocelynmiao,2026-05-01,21:32:15,-07:00,2026-05-01T21:32:15-07:00,0,0
projects\projects.js,24,js,5b97ef1d,jocelynmiao,2026-05-01,21:32:15,-07:00,2026-05-01T21:32:15-07:00,2,34
projects\projects.js,25,js,5b97ef1d,jocelynmiao,2026-05-01,21:32:15,-07:00,2026-05-01T21:32:15-07:00,1,1
projects\projects.js,26,js,5b97ef1d,jocelynmiao,2026-05-01,21:32:15,-07:00,2026-05-01T21:32:15-07:00,0,0
projects\projects.js,27,js,5b97ef1d,jocelynmiao,2026-05-01,21:32:15,-07:00,2026-05-01T21:32:15-07:00,0,0
projects\projects.js,28,js,5b97ef1d,jocelynmiao,2026-05-01,21:32:15,-07:00,2026-05-01T21:32:15-07:00,0,12
projects\projects.js,29,js,5b97ef1d,jocelynmiao,2026-05-01,21:32:15,-07:00,2026-05-01T21:32:15-07:00,0,0
projects\projects.js,30,js,5b97ef1d,jocelynmiao,2026-05-01,21:32:15,-07:00,2026-05-01T21:32:15-07:00,0,37
projects\projects.js,31,js,5b97ef1d,jocelynmiao,2026-05-01,21:32:15,-07:00,2026-05-01T21:32:15-07:00,1,7
projects\projects.js,32,js,cbe69839,jocelynmiao,2026-05-08,16:52:43,-07:00,2026-05-08T16:52:43-07:00,2,7
projects\projects.js,33,js,cbe69839,jocelynmiao,2026-05-08,16:52:43,-07:00,2026-05-08T16:52:43-07:00,3,12
projects\projects.js,34,js,cbe69839,jocelynmiao,2026-05-08,16:52:43,-07:00,2026-05-08T16:52:43-07:00,3,14
projects\projects.js,35,js,cbe69839,jocelynmiao,2026-05-08,16:52:43,-07:00,2026-05-08T16:52:43-07:00,3,12
projects\projects.js,36,js,cbe69839,jocelynmiao,2026-05-08,16:52:43,-07:00,2026-05-08T16:52:43-07:00,2,0
projects\projects.js,37,js,5b97ef1d,jocelynmiao,2026-05-01,21:32:15,-07:00,2026-05-01T21:32:15-07:00,2,55
projects\projects.js,38,js,5b97ef1d,jocelynmiao,2026-05-01,21:32:15,-07:00,2026-05-01T21:32:15-07:00,0,0
projects\projects.js,39,js,5b97ef1d,jocelynmiao,2026-05-01,21:32:15,-07:00,2026-05-01T21:32:15-07:00,0,0
projects\projects.js,40,js,5b97ef1d,jocelynmiao,2026-05-01,21:32:15,-07:00,2026-05-01T21:32:15-07:00,0,38
projects\projects.js,41,js,5b97ef1d,jocelynmiao,2026-05-01,21:32:15,-07:00,2026-05-01T21:32:15-07:00,1,34
projects\projects.js,42,js,5b97ef1d,jocelynmiao,2026-05-01,21:32:15,-07:00,2026-05-01T21:32:15-07:00,0,0
projects\projects.js,43,js,cbe69839,jocelynmiao,2026-05-08,16:52:43,-07:00,2026-05-08T16:52:43-07:00,1,27
projects\projects.js,44,js,cbe69839,jocelynmiao,2026-05-08,16:52:43,-07:00,2026-05-08T16:52:43-07:00,1,29
projects\projects.js,45,js,5b97ef1d,jocelynmiao,2026-05-01,21:32:15,-07:00,2026-05-01T21:32:15-07:00,0,0
projects\projects.js,46,js,5b97ef1d,jocelynmiao,2026-05-01,21:32:15,-07:00,2026-05-01T21:32:15-07:00,1,52
projects\projects.js,47,js,5b97ef1d,jocelynmiao,2026-05-01,21:32:15,-07:00,2026-05-01T21:32:15-07:00,1,35
projects\projects.js,48,js,5b97ef1d,jocelynmiao,2026-05-01,21:32:15,-07:00,2026-05-01T21:32:15-07:00,1,47
projects\projects.js,49,js,5b97ef1d,jocelynmiao,2026-05-01,21:32:15,-07:00,2026-05-01T21:32:15-07:00,0,0
projects\projects.js,50,js,5b97ef1d,jocelynmiao,2026-05-01,21:32:15,-07:00,2026-05-01T21:32:15-07:00,1,24
projects\projects.js,51,js,5b97ef1d,jocelynmiao,2026-05-01,21:32:15,-07:00,2026-05-01T21:32:15-07:00,2,1
projects\projects.js,52,js,cbe69839,jocelynmiao,2026-05-08,16:52:43,-07:00,2026-05-08T16:52:43-07:00,3,13
projects\projects.js,53,js,cbe69839,jocelynmiao,2026-05-08,16:52:43,-07:00,2026-05-08T16:52:43-07:00,3,13
projects\projects.js,54,js,cbe69839,jocelynmiao,2026-05-08,16:52:43,-07:00,2026-05-08T16:52:43-07:00,3,22
projects\projects.js,55,js,cbe69839,jocelynmiao,2026-05-08,16:52:43,-07:00,2026-05-08T16:52:43-07:00,3,53
projects\projects.js,56,js,cbe69839,jocelynmiao,2026-05-08,16:52:43,-07:00,2026-05-08T16:52:43-07:00,3,18
projects\projects.js,57,js,5b97ef1d,jocelynmiao,2026-05-01,21:32:15,-07:00,2026-05-01T21:32:15-07:00,4,43
projects\projects.js,58,js,5b97ef1d,jocelynmiao,2026-05-01,21:32:15,-07:00,2026-05-01T21:32:15-07:00,4,13
projects\projects.js,59,js,5b97ef1d,jocelynmiao,2026-05-01,21:32:15,-07:00,2026-05-01T21:32:15-07:00,3,1
projects\projects.js,60,js,5b97ef1d,jocelynmiao,2026-05-01,21:32:15,-07:00,2026-05-01T21:32:15-07:00,1,1
projects\projects.js,61,js,5b97ef1d,jocelynmiao,2026-05-01,21:32:15,-07:00,2026-05-01T21:32:15-07:00,0,0
projects\projects.js,62,js,cbe69839,jocelynmiao,2026-05-08,16:52:43,-07:00,2026-05-08T16:52:43-07:00,1,34
projects\projects.js,63,js,cbe69839,jocelynmiao,2026-05-08,16:52:43,-07:00,2026-05-08T16:52:43-07:00,1,29
projects\projects.js,64,js,5b97ef1d,jocelynmiao,2026-05-01,21:32:15,-07:00,2026-05-01T21:32:15-07:00,1,22
projects\projects.js,65,js,5b97ef1d,jocelynmiao,2026-05-01,21:32:15,-07:00,2026-05-01T21:32:15-07:00,2,4
projects\projects.js,66,js,cbe69839,jocelynmiao,2026-05-08,16:52:43,-07:00,2026-05-08T16:52:43-07:00,3,11
projects\projects.js,67,js,cbe69839,jocelynmiao,2026-05-08,16:52:43,-07:00,2026-05-08T16:52:43-07:00,3,4
projects\projects.js,68,js,cbe69839,jocelynmiao,2026-05-08,16:52:43,-07:00,2026-05-08T16:52:43-07:00,4,6
projects\projects.js,69,js,cbe69839,jocelynmiao,2026-05-08,16:52:43,-07:00,2026-05-08T16:52:43-07:00,4,59
projects\projects.js,70,js,cbe69839,jocelynmiao,2026-05-08,16:52:43,-07:00,2026-05-08T16:52:43-07:00,3,0
projects\projects.js,71,js,5b97ef1d,jocelynmiao,2026-05-01,21:32:15,-07:00,2026-05-01T21:32:15-07:00,3,4
projects\projects.js,72,js,cbe69839,jocelynmiao,2026-05-08,16:52:43,-07:00,2026-05-08T16:52:43-07:00,4,91
projects\projects.js,73,js,5b97ef1d,jocelynmiao,2026-05-01,21:32:15,-07:00,2026-05-01T21:32:15-07:00,3,0
projects\projects.js,74,js,5b97ef1d,jocelynmiao,2026-05-01,21:32:15,-07:00,2026-05-01T21:32:15-07:00,1,1
projects\projects.js,75,js,5b97ef1d,jocelynmiao,2026-05-01,21:32:15,-07:00,2026-05-01T21:32:15-07:00,0,0
projects\projects.js,76,js,5b97ef1d,jocelynmiao,2026-05-01,21:32:15,-07:00,2026-05-01T21:32:15-07:00,0,0
projects\projects.js,77,js,5b97ef1d,jocelynmiao,2026-05-01,21:32:15,-07:00,2026-05-01T21:32:15-07:00,0,23
projects\projects.js,78,js,5b97ef1d,jocelynmiao,2026-05-01,21:32:15,-07:00,2026-05-01T21:32:15-07:00,1,49
projects\projects.js,79,js,cbe69839,jocelynmiao,2026-05-08,16:52:43,-07:00,2026-05-08T16:52:43-07:00,2,20
projects\projects.js,80,js,cbe69839,jocelynmiao,2026-05-08,16:52:43,-07:00,2026-05-08T16:52:43-07:00,3,9
projects\projects.js,81,js,cbe69839,jocelynmiao,2026-05-08,16:52:43,-07:00,2026-05-08T16:52:43-07:00,3,12
projects\projects.js,82,js,cbe69839,jocelynmiao,2026-05-08,16:52:43,-07:00,2026-05-08T16:52:43-07:00,3,29
projects\projects.js,83,js,5b97ef1d,jocelynmiao,2026-05-01,21:32:15,-07:00,2026-05-01T21:32:15-07:00,1,0
projects\projects.js,84,js,5b97ef1d,jocelynmiao,2026-05-01,21:32:15,-07:00,2026-05-01T21:32:15-07:00,1,29
projects\projects.js,85,js,5b97ef1d,jocelynmiao,2026-05-01,21:32:15,-07:00,2026-05-01T21:32:15-07:00,0,0
projects\projects.js,86,js,5b97ef1d,jocelynmiao,2026-05-01,21:32:15,-07:00,2026-05-01T21:32:15-07:00,1,42
projects\projects.js,87,js,cbe69839,jocelynmiao,2026-05-08,16:52:43,-07:00,2026-05-08T16:52:43-07:00,1,53
projects\projects.js,88,js,5b97ef1d,jocelynmiao,2026-05-01,21:32:15,-07:00,2026-05-01T21:32:15-07:00,0,0
projects\projects.js,89,js,5b97ef1d,jocelynmiao,2026-05-01,21:32:15,-07:00,2026-05-01T21:32:15-07:00,0,0
projects\projects.js,90,js,cbe69839,jocelynmiao,2026-05-08,16:52:43,-07:00,2026-05-08T16:52:43-07:00,0,55
projects\projects.js,91,js,cbe69839,jocelynmiao,2026-05-08,16:52:43,-07:00,2026-05-08T16:52:43-07:00,0,48
projects\projects.js,92,js,5b97ef1d,jocelynmiao,2026-05-01,21:32:15,-07:00,2026-05-01T21:32:15-07:00,1,25
projects\projects.js,93,js,5b97ef1d,jocelynmiao,2026-05-01,21:32:15,-07:00,2026-05-01T21:32:15-07:00,1,13
projects\projects.js,94,js,5b97ef1d,jocelynmiao,2026-05-01,21:32:15,-07:00,2026-05-01T21:32:15-07:00,0,1
projects\projects.js,95,js,5b97ef1d,jocelynmiao,2026-05-01,21:32:15,-07:00,2026-05-01T21:32:15-07:00,0,0
projects\projects.js,96,js,cbe69839,jocelynmiao,2026-05-08,16:52:43,-07:00,2026-05-08T16:52:43-07:00,0,13
projects\index.html,1,html,3abedb81,jocelynmiao,2026-04-02,13:03:29,-07:00,2026-04-02T13:03:29-07:00,0,13
projects\index.html,2,html,3abedb81,jocelynmiao,2026-04-02,13:03:29,-07:00,2026-04-02T13:03:29-07:00,0,14
projects\index.html,3,html,cbe69839,jocelynmiao,2026-05-08,16:52:43,-07:00,2026-05-08T16:52:43-07:00,1,4
projects\index.html,4,html,3abedb81,jocelynmiao,2026-04-02,13:03:29,-07:00,2026-04-02T13:03:29-07:00,2,21
projects\index.html,5,html,c55f5887,jocelynmiao,2026-04-24,00:48:44,-07:00,2026-04-24T00:48:44-07:00,2,48
projects\index.html,6,html,c55f5887,jocelynmiao,2026-04-24,00:48:44,-07:00,2026-04-24T00:48:44-07:00,2,47
projects\index.html,7,html,cbe69839,jocelynmiao,2026-05-08,16:52:43,-07:00,2026-05-08T16:52:43-07:00,2,43
projects\index.html,8,html,cbe69839,jocelynmiao,2026-05-08,16:52:43,-07:00,2026-05-08T16:52:43-07:00,2,22
projects\index.html,9,html,cbe69839,jocelynmiao,2026-05-08,16:52:43,-07:00,2026-05-08T16:52:43-07:00,2,70
projects\index.html,10,html,cbe69839,jocelynmiao,2026-05-08,16:52:43,-07:00,2026-05-08T16:52:43-07:00,1,5
projects\index.html,11,html,cbe69839,jocelynmiao,2026-05-08,16:52:43,-07:00,2026-05-08T16:52:43-07:00,1,4
projects\index.html,12,html,3abedb81,jocelynmiao,2026-04-02,13:03:29,-07:00,2026-04-02T13:03:29-07:00,2,15
projects\index.html,13,html,5b97ef1d,jocelynmiao,2026-05-01,21:32:15,-07:00,2026-05-01T21:32:15-07:00,2,21
projects\index.html,14,html,cbe69839,jocelynmiao,2026-05-08,16:52:43,-07:00,2026-05-08T16:52:43-07:00,3,48
projects\index.html,15,html,cbe69839,jocelynmiao,2026-05-08,16:52:43,-07:00,2026-05-08T16:52:43-07:00,4,10
projects\index.html,16,html,cbe69839,jocelynmiao,2026-05-08,16:52:43,-07:00,2026-05-08T16:52:43-07:00,3,4
projects\index.html,17,html,cbe69839,jocelynmiao,2026-05-08,16:52:43,-07:00,2026-05-08T16:52:43-07:00,3,17
projects\index.html,18,html,cbe69839,jocelynmiao,2026-05-08,16:52:43,-07:00,2026-05-08T16:52:43-07:00,4,10
projects\index.html,19,html,cbe69839,jocelynmiao,2026-05-08,16:52:43,-07:00,2026-05-08T16:52:43-07:00,3,3
projects\index.html,20,html,5b97ef1d,jocelynmiao,2026-05-01,21:32:15,-07:00,2026-05-01T21:32:15-07:00,2,4
projects\index.html,21,html,5b97ef1d,jocelynmiao,2026-05-01,21:32:15,-07:00,2026-05-01T21:32:15-07:00,2,4
projects\index.html,22,html,cbe69839,jocelynmiao,2026-05-08,16:52:43,-07:00,2026-05-08T16:52:43-07:00,3,15
projects\index.html,23,html,cbe69839,jocelynmiao,2026-05-08,16:52:43,-07:00,2026-05-08T16:52:43-07:00,3,11
projects\index.html,24,html,cbe69839,jocelynmiao,2026-05-08,16:52:43,-07:00,2026-05-08T16:52:43-07:00,3,26
projects\index.html,25,html,cbe69839,jocelynmiao,2026-05-08,16:52:43,-07:00,2026-05-08T16:52:43-07:00,3,31
projects\index.html,26,html,cbe69839,jocelynmiao,2026-05-08,16:52:43,-07:00,2026-05-08T16:52:43-07:00,2,0
projects\index.html,27,html,cbe69839,jocelynmiao,2026-05-08,16:52:43,-07:00,2026-05-08T16:52:43-07:00,2,5
projects\index.html,28,html,cbe69839,jocelynmiao,2026-05-08,16:52:43,-07:00,2026-05-08T16:52:43-07:00,2,26
projects\index.html,29,html,cbe69839,jocelynmiao,2026-05-08,16:52:43,-07:00,2026-05-08T16:52:43-07:00,1,5
projects\index.html,30,html,cbe69839,jocelynmiao,2026-05-08,16:52:43,-07:00,2026-05-08T16:52:43-07:00,0,5
meta\index.html,1,html,cbe69839,jocelynmiao,2026-05-08,16:52:43,-07:00,2026-05-08T16:52:43-07:00,0,13
meta\index.html,2,html,cbe69839,jocelynmiao,2026-05-08,16:52:43,-07:00,2026-05-08T16:52:43-07:00,0,14
meta\index.html,3,html,cbe69839,jocelynmiao,2026-05-08,16:52:43,-07:00,2026-05-08T16:52:43-07:00,1,4
meta\index.html,4,html,cbe69839,jocelynmiao,2026-05-08,16:52:43,-07:00,2026-05-08T16:52:43-07:00,2,17
meta\index.html,5,html,cbe69839,jocelynmiao,2026-05-08,16:52:43,-07:00,2026-05-08T16:52:43-07:00,2,48
meta\index.html,6,html,00000000,Not Committed Yet,2026-05-08,21:49:09,-07:00,2026-05-08T21:49:09-07:00,2,43
meta\index.html,7,html,cbe69839,jocelynmiao,2026-05-08,16:52:43,-07:00,2026-05-08T16:52:43-07:00,2,43
meta\index.html,8,html,cbe69839,jocelynmiao,2026-05-08,16:52:43,-07:00,2026-05-08T16:52:43-07:00,2,22
meta\index.html,9,html,cbe69839,jocelynmiao,2026-05-08,16:52:43,-07:00,2026-05-08T16:52:43-07:00,2,70
meta\index.html,10,html,cbe69839,jocelynmiao,2026-05-08,16:52:43,-07:00,2026-05-08T16:52:43-07:00,1,5
meta\index.html,11,html,cbe69839,jocelynmiao,2026-05-08,16:52:43,-07:00,2026-05-08T16:52:43-07:00,0,0
meta\index.html,12,html,cbe69839,jocelynmiao,2026-05-08,16:52:43,-07:00,2026-05-08T16:52:43-07:00,1,4
meta\index.html,13,html,cbe69839,jocelynmiao,2026-05-08,16:52:43,-07:00,2026-05-08T16:52:43-07:00,2,11
meta\index.html,14,html,00000000,Not Committed Yet,2026-05-08,21:49:09,-07:00,2026-05-08T21:49:09-07:00,2,14
meta\index.html,15,html,00000000,Not Committed Yet,2026-05-08,21:49:09,-07:00,2026-05-08T21:49:09-07:00,2,20
meta\index.html,16,html,00000000,Not Committed Yet,2026-05-08,21:49:09,-07:00,2026-05-08T21:49:09-07:00,2,29
meta\index.html,17,html,00000000,Not Committed Yet,2026-05-08,21:49:09,-07:00,2026-05-08T21:49:09-07:00,2,20
meta\index.html,18,html,00000000,Not Committed Yet,2026-05-08,21:49:09,-07:00,2026-05-08T21:49:09-07:00,2,50
meta\index.html,19,html,00000000,Not Committed Yet,2026-05-08,21:49:09,-07:00,2026-05-08T21:49:09-07:00,3,13
meta\index.html,20,html,00000000,Not Committed Yet,2026-05-08,21:49:09,-07:00,2026-05-08T21:49:09-07:00,3,2
meta\index.html,21,html,00000000,Not Committed Yet,2026-05-08,21:49:09,-07:00,2026-05-08T21:49:09-07:00,4,46
meta\index.html,22,html,00000000,Not Committed Yet,2026-05-08,21:49:09,-07:00,2026-05-08T21:49:09-07:00,3,3
meta\index.html,23,html,00000000,Not Committed Yet,2026-05-08,21:49:09,-07:00,2026-05-08T21:49:09-07:00,0,0
meta\index.html,24,html,00000000,Not Committed Yet,2026-05-08,21:49:09,-07:00,2026-05-08T21:49:09-07:00,3,11
meta\index.html,25,html,00000000,Not Committed Yet,2026-05-08,21:49:09,-07:00,2026-05-08T21:49:09-07:00,3,24
meta\index.html,26,html,00000000,Not Committed Yet,2026-05-08,21:49:09,-07:00,2026-05-08T21:49:09-07:00,3,11
meta\index.html,27,html,00000000,Not Committed Yet,2026-05-08,21:49:09,-07:00,2026-05-08T21:49:09-07:00,3,24
meta\index.html,28,html,00000000,Not Committed Yet,2026-05-08,21:49:09,-07:00,2026-05-08T21:49:09-07:00,3,13
meta\index.html,29,html,00000000,Not Committed Yet,2026-05-08,21:49:09,-07:00,2026-05-08T21:49:09-07:00,3,26
meta\index.html,30,html,00000000,Not Committed Yet,2026-05-08,21:49:09,-07:00,2026-05-08T21:49:09-07:00,3,19
meta\index.html,31,html,00000000,Not Committed Yet,2026-05-08,21:49:09,-07:00,2026-05-08T21:49:09-07:00,3,25
meta\index.html,32,html,00000000,Not Committed Yet,2026-05-08,21:49:09,-07:00,2026-05-08T21:49:09-07:00,0,0
meta\index.html,33,html,00000000,Not Committed Yet,2026-05-08,21:49:09,-07:00,2026-05-08T21:49:09-07:00,2,3
meta\index.html,34,html,00000000,Not Committed Yet,2026-05-08,21:49:09,-07:00,2026-05-08T21:49:09-07:00,2,45
meta\index.html,35,html,00000000,Not Committed Yet,2026-05-08,21:49:09,-07:00,2026-05-08T21:49:09-07:00,2,45
meta\index.html,36,html,cbe69839,jocelynmiao,2026-05-08,16:52:43,-07:00,2026-05-08T16:52:43-07:00,1,5
meta\index.html,37,html,cbe69839,jocelynmiao,2026-05-08,16:52:43,-07:00,2026-05-08T16:52:43-07:00,0,5
CV\index.html,1,html,3abedb81,jocelynmiao,2026-04-02,13:03:29,-07:00,2026-04-02T13:03:29-07:00,0,13
CV\index.html,2,html,3abedb81,jocelynmiao,2026-04-02,13:03:29,-07:00,2026-04-02T13:03:29-07:00,0,14
CV\index.html,3,html,cbe69839,jocelynmiao,2026-05-08,16:52:43,-07:00,2026-05-08T16:52:43-07:00,1,4
CV\index.html,4,html,3abedb81,jocelynmiao,2026-04-02,13:03:29,-07:00,2026-04-02T13:03:29-07:00,2,15
CV\index.html,5,html,1d2adb4c,jocelynmiao,2026-04-16,21:41:41,-07:00,2026-04-16T21:41:41-07:00,2,48
CV\index.html,6,html,cbe69839,jocelynmiao,2026-05-08,16:52:43,-07:00,2026-05-08T16:52:43-07:00,2,43
CV\index.html,7,html,cbe69839,jocelynmiao,2026-05-08,16:52:43,-07:00,2026-05-08T16:52:43-07:00,2,22
CV\index.html,8,html,cbe69839,jocelynmiao,2026-05-08,16:52:43,-07:00,2026-05-08T16:52:43-07:00,2,70
CV\index.html,9,html,cbe69839,jocelynmiao,2026-05-08,16:52:43,-07:00,2026-05-08T16:52:43-07:00,1,5
CV\index.html,10,html,cbe69839,jocelynmiao,2026-05-08,16:52:43,-07:00,2026-05-08T16:52:43-07:00,1,4
CV\index.html,11,html,cbe69839,jocelynmiao,2026-05-08,16:52:43,-07:00,2026-05-08T16:52:43-07:00,2,7
CV\index.html,12,html,cbe69839,jocelynmiao,2026-05-08,16:52:43,-07:00,2026-05-08T16:52:43-07:00,3,9
CV\index.html,13,html,cbe69839,jocelynmiao,2026-05-08,16:52:43,-07:00,2026-05-08T16:52:43-07:00,3,7
CV\index.html,14,html,cbe69839,jocelynmiao,2026-05-08,16:52:43,-07:00,2026-05-08T16:52:43-07:00,4,16
CV\index.html,15,html,cbe69839,jocelynmiao,2026-05-08,16:52:43,-07:00,2026-05-08T16:52:43-07:00,4,42
CV\index.html,16,html,cbe69839,jocelynmiao,2026-05-08,16:52:43,-07:00,2026-05-08T16:52:43-07:00,4,45
CV\index.html,17,html,cbe69839,jocelynmiao,2026-05-08,16:52:43,-07:00,2026-05-08T16:52:43-07:00,4,59
CV\index.html,18,html,cbe69839,jocelynmiao,2026-05-08,16:52:43,-07:00,2026-05-08T16:52:43-07:00,3,8
CV\index.html,19,html,3abedb81,jocelynmiao,2026-04-02,13:03:29,-07:00,2026-04-02T13:03:29-07:00,0,0
CV\index.html,20,html,cbe69839,jocelynmiao,2026-05-08,16:52:43,-07:00,2026-05-08T16:52:43-07:00,3,7
CV\index.html,21,html,cbe69839,jocelynmiao,2026-05-08,16:52:43,-07:00,2026-05-08T16:52:43-07:00,4,17
CV\index.html,22,html,cbe69839,jocelynmiao,2026-05-08,16:52:43,-07:00,2026-05-08T16:52:43-07:00,4,22
CV\index.html,23,html,cbe69839,jocelynmiao,2026-05-08,16:52:43,-07:00,2026-05-08T16:52:43-07:00,4,27
CV\index.html,24,html,cbe69839,jocelynmiao,2026-05-08,16:52:43,-07:00,2026-05-08T16:52:43-07:00,4,17
CV\index.html,25,html,cbe69839,jocelynmiao,2026-05-08,16:52:43,-07:00,2026-05-08T16:52:43-07:00,4,40
CV\index.html,26,html,cbe69839,jocelynmiao,2026-05-08,16:52:43,-07:00,2026-05-08T16:52:43-07:00,4,38
CV\index.html,27,html,cbe69839,jocelynmiao,2026-05-08,16:52:43,-07:00,2026-05-08T16:52:43-07:00,4,2
CV\index.html,28,html,cbe69839,jocelynmiao,2026-05-08,16:52:43,-07:00,2026-05-08T16:52:43-07:00,5,2
CV\index.html,29,html,cbe69839,jocelynmiao,2026-05-08,16:52:43,-07:00,2026-05-08T16:52:43-07:00,6,66
CV\index.html,30,html,cbe69839,jocelynmiao,2026-05-08,16:52:43,-07:00,2026-05-08T16:52:43-07:00,5,3
CV\index.html,31,html,cbe69839,jocelynmiao,2026-05-08,16:52:43,-07:00,2026-05-08T16:52:43-07:00,4,3
CV\index.html,32,html,cbe69839,jocelynmiao,2026-05-08,16:52:43,-07:00,2026-05-08T16:52:43-07:00,3,8
CV\index.html,33,html,3abedb81,jocelynmiao,2026-04-02,13:03:29,-07:00,2026-04-02T13:03:29-07:00,0,0
CV\index.html,34,html,cbe69839,jocelynmiao,2026-05-08,16:52:43,-07:00,2026-05-08T16:52:43-07:00,3,7
CV\index.html,35,html,cbe69839,jocelynmiao,2026-05-08,16:52:43,-07:00,2026-05-08T16:52:43-07:00,4,15
CV\index.html,36,html,cbe69839,jocelynmiao,2026-05-08,16:52:43,-07:00,2026-05-08T16:52:43-07:00,4,2
CV\index.html,37,html,cbe69839,jocelynmiao,2026-05-08,16:52:43,-07:00,2026-05-08T16:52:43-07:00,5,50
CV\index.html,38,html,cbe69839,jocelynmiao,2026-05-08,16:52:43,-07:00,2026-05-08T16:52:43-07:00,6,19
CV\index.html,39,html,cbe69839,jocelynmiao,2026-05-08,16:52:43,-07:00,2026-05-08T16:52:43-07:00,5,0
CV\index.html,40,html,cbe69839,jocelynmiao,2026-05-08,16:52:43,-07:00,2026-05-08T16:52:43-07:00,4,3
CV\index.html,41,html,cbe69839,jocelynmiao,2026-05-08,16:52:43,-07:00,2026-05-08T16:52:43-07:00,4,18
CV\index.html,42,html,cbe69839,jocelynmiao,2026-05-08,16:52:43,-07:00,2026-05-08T16:52:43-07:00,4,2
CV\index.html,43,html,cbe69839,jocelynmiao,2026-05-08,16:52:43,-07:00,2026-05-08T16:52:43-07:00,5,56
CV\index.html,44,html,cbe69839,jocelynmiao,2026-05-08,16:52:43,-07:00,2026-05-08T16:52:43-07:00,4,3
CV\index.html,45,html,cbe69839,jocelynmiao,2026-05-08,16:52:43,-07:00,2026-05-08T16:52:43-07:00,3,8
CV\index.html,46,html,3abedb81,jocelynmiao,2026-04-02,13:03:29,-07:00,2026-04-02T13:03:29-07:00,0,0
CV\index.html,47,html,cbe69839,jocelynmiao,2026-05-08,16:52:43,-07:00,2026-05-08T16:52:43-07:00,3,7
CV\index.html,48,html,cbe69839,jocelynmiao,2026-05-08,16:52:43,-07:00,2026-05-08T16:52:43-07:00,4,23
CV\index.html,49,html,cbe69839,jocelynmiao,2026-05-08,16:52:43,-07:00,2026-05-08T16:52:43-07:00,4,2
CV\index.html,50,html,cbe69839,jocelynmiao,2026-05-08,16:52:43,-07:00,2026-05-08T16:52:43-07:00,5,58
CV\index.html,51,html,cbe69839,jocelynmiao,2026-05-08,16:52:43,-07:00,2026-05-08T16:52:43-07:00,5,2
CV\index.html,52,html,cbe69839,jocelynmiao,2026-05-08,16:52:43,-07:00,2026-05-08T16:52:43-07:00,6,61
CV\index.html,53,html,cbe69839,jocelynmiao,2026-05-08,16:52:43,-07:00,2026-05-08T16:52:43-07:00,6,21
CV\index.html,54,html,cbe69839,jocelynmiao,2026-05-08,16:52:43,-07:00,2026-05-08T16:52:43-07:00,5,3
CV\index.html,55,html,cbe69839,jocelynmiao,2026-05-08,16:52:43,-07:00,2026-05-08T16:52:43-07:00,5,2
CV\index.html,56,html,cbe69839,jocelynmiao,2026-05-08,16:52:43,-07:00,2026-05-08T16:52:43-07:00,6,59
CV\index.html,57,html,cbe69839,jocelynmiao,2026-05-08,16:52:43,-07:00,2026-05-08T16:52:43-07:00,6,9
CV\index.html,58,html,cbe69839,jocelynmiao,2026-05-08,16:52:43,-07:00,2026-05-08T16:52:43-07:00,5,3
CV\index.html,59,html,cbe69839,jocelynmiao,2026-05-08,16:52:43,-07:00,2026-05-08T16:52:43-07:00,4,3
CV\index.html,60,html,cbe69839,jocelynmiao,2026-05-08,16:52:43,-07:00,2026-05-08T16:52:43-07:00,3,8
CV\index.html,61,html,3abedb81,jocelynmiao,2026-04-02,13:03:29,-07:00,2026-04-02T13:03:29-07:00,0,0
CV\index.html,62,html,cbe69839,jocelynmiao,2026-05-08,16:52:43,-07:00,2026-05-08T16:52:43-07:00,3,7
CV\index.html,63,html,cbe69839,jocelynmiao,2026-05-08,16:52:43,-07:00,2026-05-08T16:52:43-07:00,4,23
CV\index.html,64,html,cbe69839,jocelynmiao,2026-05-08,16:52:43,-07:00,2026-05-08T16:52:43-07:00,4,33
CV\index.html,65,html,cbe69839,jocelynmiao,2026-05-08,16:52:43,-07:00,2026-05-08T16:52:43-07:00,4,12
CV\index.html,66,html,cbe69839,jocelynmiao,2026-05-08,16:52:43,-07:00,2026-05-08T16:52:43-07:00,4,2
CV\index.html,67,html,cbe69839,jocelynmiao,2026-05-08,16:52:43,-07:00,2026-05-08T16:52:43-07:00,5,2
CV\index.html,68,html,cbe69839,jocelynmiao,2026-05-08,16:52:43,-07:00,2026-05-08T16:52:43-07:00,6,65
CV\index.html,69,html,cbe69839,jocelynmiao,2026-05-08,16:52:43,-07:00,2026-05-08T16:52:43-07:00,5,3
CV\index.html,70,html,cbe69839,jocelynmiao,2026-05-08,16:52:43,-07:00,2026-05-08T16:52:43-07:00,4,3
CV\index.html,71,html,cbe69839,jocelynmiao,2026-05-08,16:52:43,-07:00,2026-05-08T16:52:43-07:00,3,8
CV\index.html,72,html,3abedb81,jocelynmiao,2026-04-02,13:03:29,-07:00,2026-04-02T13:03:29-07:00,2,8
CV\index.html,73,html,cbe69839,jocelynmiao,2026-05-08,16:52:43,-07:00,2026-05-08T16:52:43-07:00,1,5
CV\index.html,74,html,cbe69839,jocelynmiao,2026-05-08,16:52:43,-07:00,2026-05-08T16:52:43-07:00,0,5
contact\index.html,1,html,3abedb81,jocelynmiao,2026-04-02,13:03:29,-07:00,2026-04-02T13:03:29-07:00,0,13
contact\index.html,2,html,3abedb81,jocelynmiao,2026-04-02,13:03:29,-07:00,2026-04-02T13:03:29-07:00,0,14
contact\index.html,3,html,cbe69839,jocelynmiao,2026-05-08,16:52:43,-07:00,2026-05-08T16:52:43-07:00,1,4
contact\index.html,4,html,cbe69839,jocelynmiao,2026-05-08,16:52:43,-07:00,2026-05-08T16:52:43-07:00,2,43
contact\index.html,5,html,1d2adb4c,jocelynmiao,2026-04-16,21:41:41,-07:00,2026-04-16T21:41:41-07:00,2,48
contact\index.html,6,html,3abedb81,jocelynmiao,2026-04-02,13:03:29,-07:00,2026-04-02T13:03:29-07:00,2,20
contact\index.html,7,html,cbe69839,jocelynmiao,2026-05-08,16:52:43,-07:00,2026-05-08T16:52:43-07:00,2,22
contact\index.html,8,html,cbe69839,jocelynmiao,2026-05-08,16:52:43,-07:00,2026-05-08T16:52:43-07:00,2,70
contact\index.html,9,html,cbe69839,jocelynmiao,2026-05-08,16:52:43,-07:00,2026-05-08T16:52:43-07:00,1,5
contact\index.html,10,html,cbe69839,jocelynmiao,2026-05-08,16:52:43,-07:00,2026-05-08T16:52:43-07:00,1,4
contact\index.html,11,html,1d2adb4c,jocelynmiao,2026-04-16,21:41:41,-07:00,2026-04-16T21:41:41-07:00,2,8
contact\index.html,12,html,3abedb81,jocelynmiao,2026-04-02,13:03:29,-07:00,2026-04-02T13:03:29-07:00,2,2
contact\index.html,13,html,64073e91,jocelynmiao,2026-04-02,14:06:43,-07:00,2026-04-02T14:06:43-07:00,4,37
contact\index.html,14,html,64073e91,jocelynmiao,2026-04-02,14:06:43,-07:00,2026-04-02T14:06:43-07:00,4,50
contact\index.html,15,html,1d2adb4c,jocelynmiao,2026-04-16,21:41:41,-07:00,2026-04-16T21:41:41-07:00,4,48
contact\index.html,16,html,64073e91,jocelynmiao,2026-04-02,14:06:43,-07:00,2026-04-02T14:06:43-07:00,4,38
contact\index.html,17,html,3abedb81,jocelynmiao,2026-04-02,13:03:29,-07:00,2026-04-02T13:03:29-07:00,4,74
contact\index.html,18,html,3abedb81,jocelynmiao,2026-04-02,13:03:29,-07:00,2026-04-02T13:03:29-07:00,2,3
contact\index.html,19,html,1d2adb4c,jocelynmiao,2026-04-16,21:41:41,-07:00,2026-04-16T21:41:41-07:00,2,8
contact\index.html,20,html,cbe69839,jocelynmiao,2026-05-08,16:52:43,-07:00,2026-05-08T16:52:43-07:00,0,0
contact\index.html,21,html,3abedb81,jocelynmiao,2026-04-02,13:03:29,-07:00,2026-04-02T13:03:29-07:00,2,14
contact\index.html,22,html,1d2adb4c,jocelynmiao,2026-04-16,21:41:41,-07:00,2026-04-16T21:41:41-07:00,2,44
contact\index.html,23,html,cbe69839,jocelynmiao,2026-05-08,16:52:43,-07:00,2026-05-08T16:52:43-07:00,3,47
contact\index.html,24,html,cbe69839,jocelynmiao,2026-05-08,16:52:43,-07:00,2026-05-08T16:52:43-07:00,3,4
contact\index.html,25,html,cbe69839,jocelynmiao,2026-05-08,16:52:43,-07:00,2026-05-08T16:52:43-07:00,4,4
contact\index.html,26,html,cbe69839,jocelynmiao,2026-05-08,16:52:43,-07:00,2026-05-08T16:52:43-07:00,4,31
contact\index.html,27,html,cbe69839,jocelynmiao,2026-05-08,16:52:43,-07:00,2026-05-08T16:52:43-07:00,3,6
contact\index.html,28,html,cbe69839,jocelynmiao,2026-05-08,16:52:43,-07:00,2026-05-08T16:52:43-07:00,3,19
contact\index.html,29,html,3abedb81,jocelynmiao,2026-04-02,13:03:29,-07:00,2026-04-02T13:03:29-07:00,2,5
contact\index.html,30,html,cbe69839,jocelynmiao,2026-05-08,16:52:43,-07:00,2026-05-08T16:52:43-07:00,1,5
contact\index.html,31,html,cbe69839,jocelynmiao,2026-05-08,16:52:43,-07:00,2026-05-08T16:52:43-07:00,0,5
